Tag,Id,Address,Number,Name,RefId,DeviceInstanceId,GroupObjectInstances,ParentTags,Attributes
DeviceInstanceRef,,,,,P-07BC-0_DI-10,P-07BC-0_DI-10,,Space > Space > Space > Locations > Installation > Installations,"{""RefId"": ""P-07BC-0_DI-10""}"
DeviceInstanceRef,,,,,P-07BC-0_DI-11,P-07BC-0_DI-11,,Space > Space > Space > Locations > Installation > Installations,"{""RefId"": ""P-07BC-0_DI-11""}"
DeviceInstanceRef,,,,,P-07BC-0_DI-12,P-07BC-0_DI-12,,Space > Space > Space > Locations > Installation > Installations,"{""RefId"": ""P-07BC-0_DI-12""}"
DeviceInstanceRef,,,,,P-07BC-0_DI-13,P-07BC-0_DI-13,,Space > Space > Space > Locations > Installation > Installations,"{""RefId"": ""P-07BC-0_DI-13""}"
DeviceInstanceRef,,,,,P-07BC-0_DI-14,P-07BC-0_DI-14,,Space > Space > Space > Locations > Installation > Installations,"{""RefId"": ""P-07BC-0_DI-14""}"
DeviceInstanceRef,,,,,P-07BC-0_DI-15,P-07BC-0_DI-15,,Space > Space > Space > Locations > Installation > Installations,"{""RefId"": ""P-07BC-0_DI-15""}"
DeviceInstanceRef,,,,,P-07BC-0_DI-16,P-07BC-0_DI-16,,Space > Space > Space > Locations > Installation > Installations,"{""RefId"": ""P-07BC-0_DI-16""}"
DeviceInstanceRef,,,,,P-07BC-0_DI-17,P-07BC-0_DI-17,,Space > Space > Space > Locations > Installation > Installations,"{""RefId"": ""P-07BC-0_DI-17""}"
DeviceInstanceRef,,,,,P-07BC-0_DI-18,P-07BC-0_DI-18,,Space > Space > Space > Locations > Installation > Installations,"{""RefId"": ""P-07BC-0_DI-18""}"
DeviceInstanceRef,,,,,P-07BC-0_DI-19,P-07BC-0_DI-19,,Space > Space > Space > Locations > Installation > Installations,"{""RefId"": ""P-07BC-0_DI-19""}"
DeviceInstanceRef,,,,,P-07BC-0_DI-20,P-07BC-0_DI-20,,Space > Space > Space > Locations > Installation > Installations,"{""RefId"": ""P-07BC-0_DI-20""}"
DeviceInstanceRef,,,,,P-07BC-0_DI-21,P-07BC-0_DI-21,,Space > Space > Space > Locations > Installation > Installations,"{""RefId"": ""P-07BC-0_DI-21""}"
DeviceInstanceRef,,,,,P-07BC-0_DI-22,P-07BC-0_DI-22,,Space > Space > Space > Locations > Installation > Installations,"{""RefId"": ""P-07BC-0_DI-22""}"
DeviceInstanceRef,,,,,P-07BC-0_DI-24,P-07BC-0_DI-24,,Space > Space > Space > Locations > Installation > Installations,"{""RefId"": ""P-07BC-0_DI-24""}"
DeviceInstanceRef,,,,,P-07BC-0_DI-25,P-07BC-0_DI-25,,Space > Space > Space > Locations > Installation > Installations,"{""RefId"": ""P-07BC-0_DI-25""}"
DeviceInstanceRef,,,,,P-07BC-0_DI-26,P-07BC-0_DI-26,,Space > Space > Space > Locations > Installation > Installations,"{""RefId"": ""P-07BC-0_DI-26""}"
DeviceInstanceRef,,,,,P-07BC-0_DI-27,P-07BC-0_DI-27,,Space > Space > Space > Locations > Installation > Installations,"{""RefId"": ""P-07BC-0_DI-27""}"
DeviceInstanceRef,,,,,P-07BC-0_DI-28,P-07BC-0_DI-28,,Space > Space > Space > Locations > Installation > Installations,"{""RefId"": ""P-07BC-0_DI-28""}"
DeviceInstanceRef,,,,,P-07BC-0_DI-29,P-07BC-0_DI-29,,Space > Space > Space > Locations > Installation > Installations,"{""RefId"": ""P-07BC-0_DI-29""}"
DeviceInstanceRef,,,,,P-07BC-0_DI-30,P-07BC-0_DI-30,,Space > Space > Space > Locations > Installation > Installations,"{""RefId"": ""P-07BC-0_DI-30""}"
DeviceInstanceRef,,,,,P-07BC-0_DI-38,P-07BC-0_DI-38,,Space > Space > Space > Locations > Installation > Installations,"{""RefId"": ""P-07BC-0_DI-38""}"
DeviceInstanceRef,,,,,P-07BC-0_DI-41,P-07BC-0_DI-41,,Space > Space > Space > Locations > Installation > Installations,"{""RefId"": ""P-07BC-0_DI-41""}"
DeviceInstanceRef,,,,,P-07BC-0_DI-42,P-07BC-0_DI-42,,Space > Space > Space > Locations > Installation > Installations,"{""RefId"": ""P-07BC-0_DI-42""}"
DeviceInstanceRef,,,,,P-07BC-0_DI-43,P-07BC-0_DI-43,,Space > Space > Space > Locations > Installation > Installations,"{""RefId"": ""P-07BC-0_DI-43""}"
DeviceInstanceRef,,,,,P-07BC-0_DI-44,P-07BC-0_DI-44,,Space > Space > Space > Locations > Installation > Installations,"{""RefId"": ""P-07BC-0_DI-44""}"
DeviceInstanceRef,,,,,P-07BC-0_DI-45,P-07BC-0_DI-45,,Space > Space > Space > Locations > Installation > Installations,"{""RefId"": ""P-07BC-0_DI-45""}"
DeviceInstanceRef,,,,,P-07BC-0_DI-46,P-07BC-0_DI-46,,Space > Space > Space > Locations > Installation > Installations,"{""RefId"": ""P-07BC-0_DI-46""}"
DeviceInstanceRef,,,,,P-07BC-0_DI-57,P-07BC-0_DI-57,,Space > Space > Space > Locations > Installation > Installations,"{""RefId"": ""P-07BC-0_DI-57""}"
DeviceInstanceRef,,,,,P-07BC-0_DI-58,P-07BC-0_DI-58,,Space > Space > Space > Locations > Installation > Installations,"{""RefId"": ""P-07BC-0_DI-58""}"
DeviceInstanceRef,,,,,P-07BC-0_DI-59,P-07BC-0_DI-59,,Space > Space > Space > Locations > Installation > Installations,"{""RefId"": ""P-07BC-0_DI-59""}"
DeviceInstanceRef,,,,,P-07BC-0_DI-60,P-07BC-0_DI-60,,Space > Space > Space > Locations > Installation > Installations,"{""RefId"": ""P-07BC-0_DI-60""}"
DeviceInstanceRef,,,,,P-07BC-0_DI-61,P-07BC-0_DI-61,,Space > Space > Space > Locations > Installation > Installations,"{""RefId"": ""P-07BC-0_DI-61""}"
DeviceInstanceRef,,,,,P-07BC-0_DI-62,P-07BC-0_DI-62,,Space > Space > Space > Locations > Installation > Installations,"{""RefId"": ""P-07BC-0_DI-62""}"
DeviceInstanceRef,,,,,P-07BC-0_DI-63,P-07BC-0_DI-63,,Space > Space > Space > Locations > Installation > Installations,"{""RefId"": ""P-07BC-0_DI-63""}"
DeviceInstanceRef,,,,,P-07BC-0_DI-64,P-07BC-0_DI-64,,Space > Space > Space > Locations > Installation > Installations,"{""RefId"": ""P-07BC-0_DI-64""}"
DeviceInstanceRef,,,,,P-07BC-0_DI-65,P-07BC-0_DI-65,,Space > Space > Space > Locations > Installation > Installations,"{""RefId"": ""P-07BC-0_DI-65""}"
DeviceInstanceRef,,,,,P-07BC-0_DI-66,P-07BC-0_DI-66,,Space > Space > Space > Locations > Installation > Installations,"{""RefId"": ""P-07BC-0_DI-66""}"
DeviceInstanceRef,,,,,P-07BC-0_DI-70,P-07BC-0_DI-70,,Space > Space > Space > Locations > Installation > Installations,"{""RefId"": ""P-07BC-0_DI-70""}"
DeviceInstanceRef,,,,,P-07BC-0_DI-71,P-07BC-0_DI-71,,Space > Space > Space > Locations > Installation > Installations,"{""RefId"": ""P-07BC-0_DI-71""}"
DeviceInstanceRef,,,,,P-07BC-0_DI-72,P-07BC-0_DI-72,,Space > Space > Space > Locations > Installation > Installations,"{""RefId"": ""P-07BC-0_DI-72""}"
DeviceInstanceRef,,,,,P-07BC-0_DI-73,P-07BC-0_DI-73,,Space > Space > Space > Locations > Installation > Installations,"{""RefId"": ""P-07BC-0_DI-73""}"
DeviceInstanceRef,,,,,P-07BC-0_DI-74,P-07BC-0_DI-74,,Space > Space > Space > Locations > Installation > Installations,"{""RefId"": ""P-07BC-0_DI-74""}"
DeviceInstanceRef,,,,,P-07BC-0_DI-85,P-07BC-0_DI-85,,Space > Space > Space > Locations > Installation > Installations,"{""RefId"": ""P-07BC-0_DI-85""}"
DeviceInstanceRef,,,,,P-07BC-0_DI-86,P-07BC-0_DI-86,,Space > Space > Space > Locations > Installation > Installations,"{""RefId"": ""P-07BC-0_DI-86""}"
DeviceInstanceRef,,,,,P-07BC-0_DI-87,P-07BC-0_DI-87,,Space > Space > Space > Locations > Installation > Installations,"{""RefId"": ""P-07BC-0_DI-87""}"
DeviceInstanceRef,,,,,P-07BC-0_DI-88,P-07BC-0_DI-88,,Space > Space > Space > Locations > Installation > Installations,"{""RefId"": ""P-07BC-0_DI-88""}"
DeviceInstanceRef,,,,,P-07BC-0_DI-89,P-07BC-0_DI-89,,Space > Space > Space > Locations > Installation > Installations,"{""RefId"": ""P-07BC-0_DI-89""}"
DeviceInstanceRef,,,,,P-07BC-0_DI-90,P-07BC-0_DI-90,,Space > Space > Space > Locations > Installation > Installations,"{""RefId"": ""P-07BC-0_DI-90""}"
DeviceInstanceRef,,,,,P-07BC-0_DI-91,P-07BC-0_DI-91,,Space > Space > Space > Locations > Installation > Installations,"{""RefId"": ""P-07BC-0_DI-91""}"
DeviceInstanceRef,,,,,P-07BC-0_DI-92,P-07BC-0_DI-92,,Space > Space > Space > Locations > Installation > Installations,"{""RefId"": ""P-07BC-0_DI-92""}"
DeviceInstanceRef,,,,,P-07BC-0_DI-98,P-07BC-0_DI-98,,Space > Space > Space > Locations > Installation > Installations,"{""RefId"": ""P-07BC-0_DI-98""}"
DeviceInstanceRef,,,,,P-07BC-0_DI-99,P-07BC-0_DI-99,,Space > Space > Space > Locations > Installation > Installations,"{""RefId"": ""P-07BC-0_DI-99""}"
DeviceInstanceRef,,,,,P-07BC-0_DI-100,P-07BC-0_DI-100,,Space > Space > Locations > Installation > Installations > Project,"{""RefId"": ""P-07BC-0_DI-100""}"
DeviceInstanceRef,,,,,P-07BC-0_DI-101,P-07BC-0_DI-101,,Space > Space > Locations > Installation > Installations > Project,"{""RefId"": ""P-07BC-0_DI-101""}"
DeviceInstanceRef,,,,,P-07BC-0_DI-102,P-07BC-0_DI-102,,Space > Space > Locations > Installation > Installations > Project,"{""RefId"": ""P-07BC-0_DI-102""}"
DeviceInstanceRef,,,,,P-07BC-0_DI-103,P-07BC-0_DI-103,,Space > Space > Locations > Installation > Installations > Project,"{""RefId"": ""P-07BC-0_DI-103""}"
