Tag,Selected Attributes
DeviceInstance,"{""Id"": ""P-07BC-0_DI-10"", ""Name"": """", ""ProductRefId"": ""M-0071_H-ZPSU640-1_P-ZPSU640"", ""Hardware2ProgramRefId"": ""M-0071_H-ZPSU640-1_HP"", ""Description"": """", ""Puid"": ""1274""}"
DeviceInstance,"{""Id"": ""P-07BC-0_DI-11"", ""Address"": ""1"", ""Name"": """", ""ProductRefId"": ""M-0071_H-ZSYKIPISC-1_P-ZSYKIPISC"", ""Hardware2ProgramRefId"": ""M-0071_H-ZSYKIPISC-1_HP-6391-11-346B"", ""Description"": """", ""Puid"": ""1275""}"
DeviceInstance,"{""Id"": ""P-07BC-0_DI-12"", ""Address"": ""2"", ""Name"": """", ""ProductRefId"": ""M-0071_H-ZDID64V3-1_P-ZDID64V3"", ""Hardware2ProgramRefId"": ""M-0071_H-ZDID64V3-1_HP-3351-20-2390"", ""Description"": """", ""Puid"": ""1281""}"
DeviceInstance,"{""Id"": ""P-07BC-0_DI-13"", ""Address"": ""3"", ""Name"": """", ""ProductRefId"": ""M-0071_H-ZDID64V3-1_P-ZDID64V3"", ""Hardware2ProgramRefId"": ""M-0071_H-ZDID64V3-1_HP-3351-20-2390"", ""Description"": """", ""Puid"": ""1282""}"
DeviceInstance,"{""Id"": ""P-07BC-0_DI-14"", ""Address"": ""4"", ""Name"": """", ""ProductRefId"": ""M-0071_H-ZIOMB8V4-0_P-ZIOMB8V4"", ""Hardware2ProgramRefId"": ""M-0071_H-ZIOMB8V4-0_HP-4991-1C-AED6"", ""Description"": """", ""Puid"": ""1283""}"
DeviceInstance,"{""Id"": ""P-07BC-0_DI-15"", ""Address"": ""5"", ""Name"": """", ""ProductRefId"": ""M-0071_H-ZIOMB8V4-0_P-ZIOMB8V4"", ""Hardware2ProgramRefId"": ""M-0071_H-ZIOMB8V4-0_HP-4991-1C-AED6"", ""Description"": """", ""Puid"": ""1284""}"
DeviceInstance,"{""Id"": ""P-07BC-0_DI-16"", ""Address"": ""6"", ""Name"": """", ""ProductRefId"": ""M-0071_H-ZIOMB16V4-0_P-ZIOMB16V4"", ""Hardware2ProgramRefId"": ""M-0071_H-ZIOMB16V4-0_HP-4981-1C-94CF"", ""Description"": """", ""Puid"": ""1285""}"
DeviceInstance,"{""Id"": ""P-07BC-0_DI-17"", ""Address"": ""7"", ""Name"": """", ""ProductRefId"": ""M-0071_H-ZIOMB16V4-0_P-ZIOMB16V4"", ""Hardware2ProgramRefId"": ""M-0071_H-ZIOMB16V4-0_HP-4981-1C-94CF"", ""Description"": """", ""Puid"": ""1286""}"
DeviceInstance,"{""Id"": ""P-07BC-0_DI-18"", ""Address"": ""8"", ""Name"": """", ""ProductRefId"": ""M-0071_H-ZIOMB24V2-0_P-ZIOMB24V2"", ""Hardware2ProgramRefId"": ""M-0071_H-ZIOMB24V2-0_HP-4951-1C-7327"", ""Description"": """", ""Puid"": ""1287""}"
DeviceInstance,"{""Id"": ""P-07BC-0_DI-19"", ""Address"": ""9"", ""Name"": """", ""ProductRefId"": ""M-0071_H-ZIOMBSH8V3-0_P-ZIOMBSH8V3"", ""Hardware2ProgramRefId"": ""M-0071_H-ZIOMBSH8V3-0_HP-4B51-1C-84FC"", ""Description"": ""\t\t\t\t\t\t"", ""Puid"": ""1288""}"
DeviceInstance,"{""Id"": ""P-07BC-0_DI-20"", ""Address"": ""10"", ""Name"": """", ""ProductRefId"": ""M-0071_H-ZIOMBSH8V3-0_P-ZIOMBSH8V3"", ""Hardware2ProgramRefId"": ""M-0071_H-ZIOMBSH8V3-0_HP-4B51-1C-84FC"", ""Description"": ""\t\t\t\t\t\t"", ""Puid"": ""1289""}"
DeviceInstance,"{""Id"": ""P-07BC-0_DI-21"", ""Address"": ""11"", ""Name"": """", ""ProductRefId"": ""M-0071_H-ZIOMBSH8V3-0_P-ZIOMBSH8V3"", ""Hardware2ProgramRefId"": ""M-0071_H-ZIOMBSH8V3-0_HP-4B51-1C-84FC"", ""Description"": ""\t\t\t\t\t\t"", ""Puid"": ""1290""}"
DeviceInstance,"{""Id"": ""P-07BC-0_DI-22"", ""Address"": ""12"", ""Name"": """", ""ProductRefId"": ""M-0071_H-ZCL.2DLG1-0_P-ZCL.2DLG1"", ""Hardware2ProgramRefId"": ""M-0071_H-ZCL.2DLG1-0_HP-1251-11-A621"", ""Description"": """", ""Puid"": ""1291""}"
DeviceInstance,"{""Id"": ""P-07BC-0_DI-24"", ""Address"": ""13"", ""Name"": """", ""ProductRefId"": ""M-0071_H-ZCL.2DLG1-0_P-ZCL.2DLG1"", ""Hardware2ProgramRefId"": ""M-0071_H-ZCL.2DLG1-0_HP-1251-11-A621"", ""Description"": """", ""Puid"": ""1293""}"
DeviceInstance,"{""Id"": ""P-07BC-0_DI-25"", ""Address"": ""14"", ""Name"": """", ""ProductRefId"": ""M-0071_H-ZCL.2DLG1-0_P-ZCL.2DLG1"", ""Hardware2ProgramRefId"": ""M-0071_H-ZCL.2DLG1-0_HP-1251-11-A621"", ""Description"": """", ""Puid"": ""1294""}"
DeviceInstance,"{""Id"": ""P-07BC-0_DI-26"", ""Address"": ""15"", ""Name"": """", ""ProductRefId"": ""M-0071_H-ZCL.2DLG1-0_P-ZCL.2DLG1"", ""Hardware2ProgramRefId"": ""M-0071_H-ZCL.2DLG1-0_HP-1251-11-A621"", ""Description"": """", ""Puid"": ""1295""}"
DeviceInstance,"{""Id"": ""P-07BC-0_DI-27"", ""Address"": ""16"", ""Name"": """", ""ProductRefId"": ""M-0071_H-ZCL.2DLG1-0_P-ZCL.2DLG1"", ""Hardware2ProgramRefId"": ""M-0071_H-ZCL.2DLG1-0_HP-1251-11-A621"", ""Description"": """", ""Puid"": ""1296""}"
DeviceInstance,"{""Id"": ""P-07BC-0_DI-28"", ""Address"": ""17"", ""Name"": """", ""ProductRefId"": ""M-0071_H-ZCL.2DLG1-0_P-ZCL.2DLG1"", ""Hardware2ProgramRefId"": ""M-0071_H-ZCL.2DLG1-0_HP-1251-11-A621"", ""Description"": """", ""Puid"": ""1297""}"
DeviceInstance,"{""Id"": ""P-07BC-0_DI-29"", ""Address"": ""18"", ""Name"": """", ""ProductRefId"": ""M-0071_H-ZCL.2DLG1-0_P-ZCL.2DLG1"", ""Hardware2ProgramRefId"": ""M-0071_H-ZCL.2DLG1-0_HP-1251-11-A621"", ""Description"": """", ""Puid"": ""1298""}"
DeviceInstance,"{""Id"": ""P-07BC-0_DI-30"", ""Address"": ""19"", ""Name"": """", ""ProductRefId"": ""M-0071_H-ZCL.2DLG1-0_P-ZCL.2DLG1"", ""Hardware2ProgramRefId"": ""M-0071_H-ZCL.2DLG1-0_HP-1251-11-A621"", ""Description"": """", ""Puid"": ""1299""}"
DeviceInstance,"{""Id"": ""P-07BC-0_DI-38"", ""Address"": ""20"", ""Name"": """", ""ProductRefId"": ""M-0071_H-ZCL.2DLG1-0_P-ZCL.2DLG1"", ""Hardware2ProgramRefId"": ""M-0071_H-ZCL.2DLG1-0_HP-1251-11-A621"", ""Description"": """", ""Puid"": ""1307""}"
DeviceInstance,"{""Id"": ""P-07BC-0_DI-41"", ""Address"": ""21"", ""Name"": """", ""ProductRefId"": ""M-0071_H-ZCL.2DLG1-0_P-ZCL.2DLG1"", ""Hardware2ProgramRefId"": ""M-0071_H-ZCL.2DLG1-0_HP-1251-11-A621"", ""Description"": """", ""Puid"": ""1310""}"
DeviceInstance,"{""Id"": ""P-07BC-0_DI-42"", ""Address"": ""22"", ""Name"": """", ""ProductRefId"": ""M-0071_H-ZCL.2DLG1-0_P-ZCL.2DLG1"", ""Hardware2ProgramRefId"": ""M-0071_H-ZCL.2DLG1-0_HP-1251-11-A621"", ""Description"": """", ""Puid"": ""1311""}"
DeviceInstance,"{""Id"": ""P-07BC-0_DI-43"", ""Address"": ""23"", ""Name"": """", ""ProductRefId"": ""M-0071_H-ZN1111-4_P-ZN1CL.2DIRSC"", ""Hardware2ProgramRefId"": ""M-0071_H-ZN1111-4_HP-1130-6D-1CED"", ""Description"": """", ""Puid"": ""1312""}"
DeviceInstance,"{""Id"": ""P-07BC-0_DI-44"", ""Address"": ""24"", ""Name"": """", ""ProductRefId"": ""M-0071_H-ZN1111-4_P-ZN1CL.2DIRSC"", ""Hardware2ProgramRefId"": ""M-0071_H-ZN1111-4_HP-1130-6D-1CED"", ""Description"": """", ""Puid"": ""1313""}"
DeviceInstance,"{""Id"": ""P-07BC-0_DI-45"", ""Address"": ""25"", ""Name"": """", ""ProductRefId"": ""M-0071_H-ZN1111-4_P-ZN1CL.2DIRSC"", ""Hardware2ProgramRefId"": ""M-0071_H-ZN1111-4_HP-1130-6D-1CED"", ""Description"": """", ""Puid"": ""1314""}"
DeviceInstance,"{""Id"": ""P-07BC-0_DI-46"", ""Address"": ""26"", ""Name"": """", ""ProductRefId"": ""M-0071_H-ZN1111-4_P-ZN1CL.2DIRSC"", ""Hardware2ProgramRefId"": ""M-0071_H-ZN1111-4_HP-1130-6D-1CED"", ""Description"": """", ""Puid"": ""1315""}"
DeviceInstance,"{""Id"": ""P-07BC-0_DI-57"", ""Address"": ""27"", ""Name"": """", ""ProductRefId"": ""M-0071_H-ZVIT55X4-1_P-ZVIT55X4"", ""Hardware2ProgramRefId"": ""M-0071_H-ZVIT55X4-1_HP-5931-18-D12C"", ""Description"": """", ""Puid"": ""1334""}"
DeviceInstance,"{""Id"": ""P-07BC-0_DI-58"", ""Address"": ""28"", ""Name"": """", ""ProductRefId"": ""M-0071_H-ZVIT55X4-1_P-ZVIT55X4"", ""Hardware2ProgramRefId"": ""M-0071_H-ZVIT55X4-1_HP-5931-18-D12C"", ""Description"": """", ""Puid"": ""1335""}"
DeviceInstance,"{""Id"": ""P-07BC-0_DI-59"", ""Address"": ""29"", ""Name"": """", ""ProductRefId"": ""M-0071_H-ZVIT55X4-1_P-ZVIT55X4"", ""Hardware2ProgramRefId"": ""M-0071_H-ZVIT55X4-1_HP-5931-18-D12C"", ""Description"": """", ""Puid"": ""1336""}"
DeviceInstance,"{""Id"": ""P-07BC-0_DI-60"", ""Address"": ""30"", ""Name"": """", ""ProductRefId"": ""M-0071_H-ZVIT55X4-1_P-ZVIT55X4"", ""Hardware2ProgramRefId"": ""M-0071_H-ZVIT55X4-1_HP-5931-18-D12C"", ""Description"": """", ""Puid"": ""1337""}"
DeviceInstance,"{""Id"": ""P-07BC-0_DI-61"", ""Address"": ""31"", ""Name"": """", ""ProductRefId"": ""M-0071_H-ZVIT55X4-1_P-ZVIT55X4"", ""Hardware2ProgramRefId"": ""M-0071_H-ZVIT55X4-1_HP-5931-18-D12C"", ""Description"": """", ""Puid"": ""1338""}"
DeviceInstance,"{""Id"": ""P-07BC-0_DI-62"", ""Address"": ""32"", ""Name"": """", ""ProductRefId"": ""M-0071_H-ZVIT55X4-1_P-ZVIT55X4"", ""Hardware2ProgramRefId"": ""M-0071_H-ZVIT55X4-1_HP-5931-18-D12C"", ""Description"": """", ""Puid"": ""1339""}"
DeviceInstance,"{""Id"": ""P-07BC-0_DI-63"", ""Address"": ""33"", ""Name"": """", ""ProductRefId"": ""M-0071_H-ZVIT55X6-1_P-ZVIT55X6"", ""Hardware2ProgramRefId"": ""M-0071_H-ZVIT55X6-1_HP-5941-18-10EC"", ""Description"": """", ""Puid"": ""1340""}"
DeviceInstance,"{""Id"": ""P-07BC-0_DI-64"", ""Address"": ""34"", ""Name"": """", ""ProductRefId"": ""M-0071_H-ZVIT55X6-1_P-ZVIT55X6"", ""Hardware2ProgramRefId"": ""M-0071_H-ZVIT55X6-1_HP-5941-18-10EC"", ""Description"": """", ""Puid"": ""1341""}"
DeviceInstance,"{""Id"": ""P-07BC-0_DI-65"", ""Address"": ""37"", ""Name"": """", ""ProductRefId"": ""M-0071_H-ZVI.2DTMDP4-0_P-ZVI.2DTMDP4"", ""Hardware2ProgramRefId"": ""M-0071_H-ZVI.2DTMDP4-0_HP-5341-14-E0A0"", ""Description"": """", ""Puid"": ""1342""}"
DeviceInstance,"{""Id"": ""P-07BC-0_DI-66"", ""Address"": ""38"", ""Name"": """", ""ProductRefId"": ""M-0071_H-ZVI.2DTMDP4-0_P-ZVI.2DTMDP4"", ""Hardware2ProgramRefId"": ""M-0071_H-ZVI.2DTMDP4-0_HP-5341-14-E0A0"", ""Description"": """", ""Puid"": ""1343""}"
DeviceInstance,"{""Id"": ""P-07BC-0_DI-70"", ""Address"": ""39"", ""Name"": ""Majlis & Dining Touch-MyDesign Plus 6"", ""ProductRefId"": ""M-0071_H-ZVI.2DTMDP6-0_P-ZVI.2DTMDP6"", ""Hardware2ProgramRefId"": ""M-0071_H-ZVI.2DTMDP6-0_HP-5351-14-74E3"", ""Description"": """", ""Puid"": ""1347""}"
DeviceInstance,"{""Id"": ""P-07BC-0_DI-71"", ""Address"": ""41"", ""Name"": ""G.F Living Areas Touch-MyDesign Plus 8"", ""ProductRefId"": ""M-0071_H-ZVI.2DTMDP8-0_P-ZVI.2DTMDP8"", ""Hardware2ProgramRefId"": ""M-0071_H-ZVI.2DTMDP8-0_HP-5361-14-BD97"", ""Description"": """", ""Puid"": ""1348""}"
DeviceInstance,"{""Id"": ""P-07BC-0_DI-72"", ""Address"": ""35"", ""Name"": """", ""ProductRefId"": ""M-0071_H-ZVIT55X6-1_P-ZVIT55X6"", ""Hardware2ProgramRefId"": ""M-0071_H-ZVIT55X6-1_HP-5941-18-10EC"", ""Description"": """", ""Puid"": ""1349""}"
DeviceInstance,"{""Id"": ""P-07BC-0_DI-73"", ""Address"": ""36"", ""Name"": """", ""ProductRefId"": ""M-0071_H-ZVIT55X6-1_P-ZVIT55X6"", ""Hardware2ProgramRefId"": ""M-0071_H-ZVIT55X6-1_HP-5941-18-10EC"", ""Description"": """", ""Puid"": ""1350""}"
DeviceInstance,"{""Id"": ""P-07BC-0_DI-74"", ""Address"": ""40"", ""Name"": ""Majlis & Dining Touch-MyDesign Plus 6"", ""ProductRefId"": ""M-0071_H-ZVI.2DTMDP6-0_P-ZVI.2DTMDP6"", ""Hardware2ProgramRefId"": ""M-0071_H-ZVI.2DTMDP6-0_HP-5351-14-74E3"", ""Description"": """", ""Puid"": ""1351""}"
DeviceInstance,"{""Id"": ""P-07BC-0_DI-85"", ""Address"": ""43"", ""Name"": ""Majlis & Dining G.F Z35 v2"", ""ProductRefId"": ""M-0071_H-ZVIZ35V2-1_P-ZVIZ35V2"", ""Hardware2ProgramRefId"": ""M-0071_H-ZVIZ35V2-1_HP-51E1-31-32AF"", ""Description"": """", ""Puid"": ""1368""}"
DeviceInstance,"{""Id"": ""P-07BC-0_DI-86"", ""Address"": ""42"", ""Name"": "" Living Room Z35 v2"", ""ProductRefId"": ""M-0071_H-ZVIZ35V2-1_P-ZVIZ35V2"", ""Hardware2ProgramRefId"": ""M-0071_H-ZVIZ35V2-1_HP-51E1-31-32AF"", ""Description"": """", ""Puid"": ""1369""}"
DeviceInstance,"{""Id"": ""P-07BC-0_DI-87"", ""Address"": ""44"", ""Name"": ""Sun Room Z35 v2"", ""ProductRefId"": ""M-0071_H-ZVIZ35V2-1_P-ZVIZ35V2"", ""Hardware2ProgramRefId"": ""M-0071_H-ZVIZ35V2-1_HP-51E1-31-32AF"", ""Description"": """", ""Puid"": ""1370""}"
DeviceInstance,"{""Id"": ""P-07BC-0_DI-88"", ""Address"": ""45"", ""Name"": ""Master Room Z35 v2"", ""ProductRefId"": ""M-0071_H-ZVIZ35V2-1_P-ZVIZ35V2"", ""Hardware2ProgramRefId"": ""M-0071_H-ZVIZ35V2-1_HP-51E1-31-32AF"", ""Description"": """", ""Puid"": ""1371""}"
DeviceInstance,"{""Id"": ""P-07BC-0_DI-89"", ""Address"": ""46"", ""Name"": ""Room 1 Z35 v2"", ""ProductRefId"": ""M-0071_H-ZVIZ35V2-1_P-ZVIZ35V2"", ""Hardware2ProgramRefId"": ""M-0071_H-ZVIZ35V2-1_HP-51E1-31-32AF"", ""Description"": """", ""Puid"": ""1372""}"
DeviceInstance,"{""Id"": ""P-07BC-0_DI-90"", ""Address"": ""47"", ""Name"": ""Room 2 Z35 v2"", ""ProductRefId"": ""M-0071_H-ZVIZ35V2-1_P-ZVIZ35V2"", ""Hardware2ProgramRefId"": ""M-0071_H-ZVIZ35V2-1_HP-51E1-31-32AF"", ""Description"": """", ""Puid"": ""1373""}"
DeviceInstance,"{""Id"": ""P-07BC-0_DI-91"", ""Address"": ""48"", ""Name"": ""Roof Master Room Z35 v2"", ""ProductRefId"": ""M-0071_H-ZVIZ35V2-1_P-ZVIZ35V2"", ""Hardware2ProgramRefId"": ""M-0071_H-ZVIZ35V2-1_HP-51E1-31-32AF"", ""Description"": """", ""Puid"": ""1374""}"
DeviceInstance,"{""Id"": ""P-07BC-0_DI-92"", ""Address"": ""49"", ""Name"": ""Roof Living Areas Z35 v2"", ""ProductRefId"": ""M-0071_H-ZVIZ35V2-1_P-ZVIZ35V2"", ""Hardware2ProgramRefId"": ""M-0071_H-ZVIZ35V2-1_HP-51E1-31-32AF"", ""Description"": """", ""Puid"": ""1375""}"
DeviceInstance,"{""Id"": ""P-07BC-0_DI-98"", ""Address"": ""50"", ""Name"": ""Majlis & Dining G.F Z35 v2"", ""ProductRefId"": ""M-0071_H-ZVIZ35V2-1_P-ZVIZ35V2"", ""Hardware2ProgramRefId"": ""M-0071_H-ZVIZ35V2-1_HP-51E1-31-32AF"", ""Description"": """", ""Puid"": ""1384""}"
DeviceInstance,"{""Id"": ""P-07BC-0_DI-99"", ""Address"": ""51"", ""Name"": """", ""ProductRefId"": ""M-0071_H-ZVIZ100-1_P-ZVIZ100"", ""Hardware2ProgramRefId"": ""M-0071_H-ZVIZ100-1_HP-5521-37-37C5"", ""Description"": """", ""Puid"": ""1387""}"
DeviceInstance,"{""Id"": ""P-07BC-0_DI-100"", ""Address"": ""52"", ""Name"": """", ""ProductRefId"": ""M-0071_H-ZPDEZTPV2-1_P-ZPDEZTPV2"", ""Hardware2ProgramRefId"": ""M-0071_H-ZPDEZTPV2-1_HP-44F1-15-B839"", ""Description"": """", ""Puid"": ""1389""}"
DeviceInstance,"{""Id"": ""P-07BC-0_DI-101"", ""Address"": ""53"", ""Name"": """", ""ProductRefId"": ""M-0071_H-ZPDEZTPV2-1_P-ZPDEZTPV2"", ""Hardware2ProgramRefId"": ""M-0071_H-ZPDEZTPV2-1_HP-44F1-15-B839"", ""Description"": """", ""Puid"": ""1390""}"
DeviceInstance,"{""Id"": ""P-07BC-0_DI-102"", ""Address"": ""54"", ""Name"": """", ""ProductRefId"": ""M-0071_H-ZPDEZTPV2-1_P-ZPDEZTPV2"", ""Hardware2ProgramRefId"": ""M-0071_H-ZPDEZTPV2-1_HP-44F1-15-B839"", ""Description"": """", ""Puid"": ""1391""}"
DeviceInstance,"{""Id"": ""P-07BC-0_DI-103"", ""Address"": ""55"", ""Name"": """", ""ProductRefId"": ""M-0071_H-ZPDEZTPV2-1_P-ZPDEZTPV2"", ""Hardware2ProgramRefId"": ""M-0071_H-ZPDEZTPV2-1_HP-44F1-15-B839"", ""Description"": """", ""Puid"": ""1392""}"
DeviceInstanceRef,{}
DeviceInstanceRef,{}
DeviceInstanceRef,{}
DeviceInstanceRef,{}
DeviceInstanceRef,{}
DeviceInstanceRef,{}
DeviceInstanceRef,{}
DeviceInstanceRef,{}
DeviceInstanceRef,{}
DeviceInstanceRef,{}
DeviceInstanceRef,{}
DeviceInstanceRef,{}
DeviceInstanceRef,{}
DeviceInstanceRef,{}
DeviceInstanceRef,{}
DeviceInstanceRef,{}
DeviceInstanceRef,{}
DeviceInstanceRef,{}
DeviceInstanceRef,{}
DeviceInstanceRef,{}
DeviceInstanceRef,{}
DeviceInstanceRef,{}
DeviceInstanceRef,{}
DeviceInstanceRef,{}
DeviceInstanceRef,{}
DeviceInstanceRef,{}
DeviceInstanceRef,{}
DeviceInstanceRef,{}
DeviceInstanceRef,{}
DeviceInstanceRef,{}
DeviceInstanceRef,{}
DeviceInstanceRef,{}
DeviceInstanceRef,{}
DeviceInstanceRef,{}
DeviceInstanceRef,{}
DeviceInstanceRef,{}
DeviceInstanceRef,{}
DeviceInstanceRef,{}
DeviceInstanceRef,{}
DeviceInstanceRef,{}
DeviceInstanceRef,{}
DeviceInstanceRef,{}
DeviceInstanceRef,{}
DeviceInstanceRef,{}
DeviceInstanceRef,{}
DeviceInstanceRef,{}
DeviceInstanceRef,{}
DeviceInstanceRef,{}
DeviceInstanceRef,{}
DeviceInstanceRef,{}
DeviceInstanceRef,{}
DeviceInstanceRef,{}
DeviceInstanceRef,{}
DeviceInstanceRef,{}
DeviceInstanceRef,{}
DeviceInstanceRef,{}
