DeviceId,Address,DeviceName,ModelFamily,ProductRefId,LikelyFunctionalDomains,EvidenceGroupNames
P-07BC-0_DI-11,1,,KIPI SC / communication gateway,M-0071_H-ZSYKIPISC-1_P-ZSYKIPISC,Not inferable from GA names,
P-07BC-0_DI-12,2,,DALI gateway/driver,M-0071_H-ZDID64V3-1_P-ZDID64V3,Not inferable from GA names,
P-07BC-0_DI-13,3,,DALI gateway/driver,M-0071_H-ZDID64V3-1_P-ZDID64V3,Not inferable from GA names,
P-07BC-0_DI-14,4,,Relay actuator 8-channel,M-0071_H-ZIOMB8V4-0_P-ZIOMB8V4,Blinds/Shutters; Garage; Lighting,Move Garage | On/Off 3 | On/Off 3 Info | On/Off 4 | On/Off 4 Info | On/Off 5 | On/Off 5 Info | On/Off 6 | On/Off 6 Info | On/Off 7 | On/Off 7 Info | On/Off 8 | On/Off 8 Info | Stop Garage | Stop Garage Info
P-07BC-0_DI-15,5,,Relay actuator 8-channel,M-0071_H-ZIOMB8V4-0_P-ZIOMB8V4,Lighting,On/Off 10 | On/Off 10 Info | On/Off 11 | On/Off 11 Info | On/Off 12 | On/Off 12 Info | On/Off 13 | On/Off 13 Info | On/Off 14 | On/Off 14 Info | On/Off 15 | On/Off 15 Info | On/Off 16 | On/Off 16 Info | On/Off 9 | On/Off 9 Info
P-07BC-0_DI-16,6,,Relay actuator 16-channel,M-0071_H-ZIOMB16V4-0_P-ZIOMB16V4,Lighting,On/Off 17 | On/Off 17 Info | On/Off 18 | On/Off 18 Info | On/Off 19 | On/Off 19 Info | On/Off 20 | On/Off 20 Info | On/Off 21 | On/Off 21 Info | On/Off 22 | On/Off 22 Info | On/Off 23 | On/Off 23 Info | On/Off 24 | On/Off 24 Info | On/Off 25 | On/Off 25 Info | On/Off 26 | On/Off 26 Info | On/Off 27 | On/Off 27 Info | On/Off 28 | On/Off 28 Info | On/Off 29 | On/Off 29 Info | On/Off 30 | On/Off 30 Info | On/Off 31 | On/Off 31 Info | On/Off 32 | On/Off 32 Info
P-07BC-0_DI-17,7,,Relay actuator 16-channel,M-0071_H-ZIOMB16V4-0_P-ZIOMB16V4,Lighting,On/Off 33 | On/Off 33 Info | On/Off 34 | On/Off 34 Info | On/Off 35 | On/Off 35 Info | On/Off 36 | On/Off 36 Info | On/Off 37 | On/Off 37 Info | On/Off 38 | On/Off 38 Info | On/Off 39 | On/Off 39 Info | On/Off 40 | On/Off 40 Info | On/Off 41 | On/Off 41 Info | On/Off 42 | On/Off 42 Info | On/Off 43 | On/Off 43 Info | On/Off 44 | On/Off 44 Info | On/Off 45 | On/Off 45 Info | On/Off 46 | On/Off 46 Info | On/Off 47 | On/Off 47 Info | On/Off 48 | On/Off 48 Info
P-07BC-0_DI-18,8,,Relay actuator 24-channel,M-0071_H-ZIOMB24V2-0_P-ZIOMB24V2,Lighting,On/Off 49 | On/Off 49 Info | On/Off 50 | On/Off 50 Info | On/Off 51 | On/Off 51 Info | On/Off 52 | On/Off 52 Info | On/Off 53 | On/Off 53 Info | On/Off 54 | On/Off 54 Info | On/Off 55 | On/Off 55 Info | On/Off 56 | On/Off 56 Info | On/Off 57 | On/Off 57 Info | On/Off 58 | On/Off 58 Info | On/Off 59 | On/Off 59 Info | On/Off 60 | On/Off 60 Info | On/Off 61 | On/Off 61 Info | On/Off 62 | On/Off 62 Info | On/Off 63 | On/Off 63 Info | On/Off 64 | On/Off 64 Info | On/Off 65 | On/Off 65 Info | On/Off 66 | On/Off 66 Info | On/Off 67 | On/Off 67 Info | On/Off 68 | On/Off 68 Info | On/Off 69 | On/Off 69 Info | On/Off 70 | On/Off 70 Info | On/Off 71 | On/Off 71 Info | On/Off 72 | On/Off 72 Info
P-07BC-0_DI-19,9,,Shutter actuator 8-channel,M-0071_H-ZIOMBSH8V3-0_P-ZIOMBSH8V3,Blinds/Shutters,1 Move | 1 Status | 1 Stop | 2 Move | 2 Status | 2 Stop | 3 Move | 3 Status | 3 Stop | 4 Move | 4 Status | 4 Stop | 5 Move | 5 Status | 5 Stop | 6 Move | 6 Status | 6 Stop | 7 Move | 7 Status | 7 Stop | 8 Move | 8 Status | 8 Stop
P-07BC-0_DI-20,10,,Shutter actuator 8-channel,M-0071_H-ZIOMBSH8V3-0_P-ZIOMBSH8V3,Blinds/Shutters,10 Move | 10 Status | 10 Stop | 11 Move | 11 Status | 11 Stop | 12 Move | 12 Status | 12 Stop | 13 Move | 13 Status | 13 Stop | 14 Move | 14 Status | 14 Stop | 15 Move | 15 Status | 15 Stop | 16 Move | 16 Status | 16 Stop | 9 Move | 9 Status | 9 Stop
P-07BC-0_DI-21,11,,Shutter actuator 8-channel,M-0071_H-ZIOMBSH8V3-0_P-ZIOMBSH8V3,Blinds/Shutters,17 Move | 17 Status | 17 Stop | 18 Move | 18 Status | 18 Stop
P-07BC-0_DI-22,12,,Universal logic controller / actuator,M-0071_H-ZCL.2DLG1-0_P-ZCL.2DLG1,HVAC; Lighting,1 Error Code | 1 Fan | 1 Fan Info | 1 Mode | 1 Mode Info | 1 ON/Off | 1 ON/Off Info | 1 Set Point | 1 Set Point Info | 1 Temp.
P-07BC-0_DI-24,13,,Universal logic controller / actuator,M-0071_H-ZCL.2DLG1-0_P-ZCL.2DLG1,HVAC; Lighting,2 Error Code | 2 Fan | 2 Fan Info | 2 Mode | 2 Mode Info | 2 ON/Off | 2 ON/Off Info | 2 Set Point | 2 Set Point Info | 2 Temp.
P-07BC-0_DI-25,14,,Universal logic controller / actuator,M-0071_H-ZCL.2DLG1-0_P-ZCL.2DLG1,HVAC; Lighting,3 Error Code | 3 Fan | 3 Fan Info | 3 Mode | 3 Mode Info | 3 ON/Off | 3 ON/Off Info | 3 Set Point | 3 Set Point Info | 3 Temp.
P-07BC-0_DI-26,15,,Universal logic controller / actuator,M-0071_H-ZCL.2DLG1-0_P-ZCL.2DLG1,HVAC; Lighting,4 Error Code | 4 Fan | 4 Fan Info | 4 Mode | 4 Mode Info | 4 ON/Off | 4 ON/Off Info | 4 Set Point | 4 Set Point Info | 4 Temp.
P-07BC-0_DI-27,16,,Universal logic controller / actuator,M-0071_H-ZCL.2DLG1-0_P-ZCL.2DLG1,HVAC; Lighting,5 Error Code | 5 Fan | 5 Fan Info | 5 Mode | 5 Mode Info | 5 ON/Off | 5 ON/Off Info | 5 Set Point | 5 Set Point Info | 5 Temp.
P-07BC-0_DI-28,17,,Universal logic controller / actuator,M-0071_H-ZCL.2DLG1-0_P-ZCL.2DLG1,HVAC; Lighting,6 Error Code | 6 Fan | 6 Fan Info | 6 Mode | 6 Mode Info | 6 ON/Off | 6 ON/Off Info | 6 Set Point | 6 Set Point Info | 6 Temp.
P-07BC-0_DI-29,18,,Universal logic controller / actuator,M-0071_H-ZCL.2DLG1-0_P-ZCL.2DLG1,HVAC; Lighting,7 Error Code | 7 Fan | 7 Fan Info | 7 Mode | 7 Mode Info | 7 ON/Off | 7 ON/Off Info | 7 Set Point | 7 Set Point Info | 7 Temp.
P-07BC-0_DI-30,19,,Universal logic controller / actuator,M-0071_H-ZCL.2DLG1-0_P-ZCL.2DLG1,HVAC; Lighting,8 Error Code | 8 Fan | 8 Fan Info | 8 Mode | 8 Mode Info | 8 ON/Off | 8 ON/Off Info | 8 Set Point | 8 Set Point Info | 8 Temp.
P-07BC-0_DI-38,20,,Universal logic controller / actuator,M-0071_H-ZCL.2DLG1-0_P-ZCL.2DLG1,HVAC; Lighting,9 Error Code | 9 Fan | 9 Fan Info | 9 Mode | 9 Mode Info | 9 ON/Off | 9 ON/Off Info | 9 Set Point | 9 Set Point Info | 9 Temp.
P-07BC-0_DI-41,21,,Universal logic controller / actuator,M-0071_H-ZCL.2DLG1-0_P-ZCL.2DLG1,Not inferable from GA names,
P-07BC-0_DI-42,22,,Universal logic controller / actuator,M-0071_H-ZCL.2DLG1-0_P-ZCL.2DLG1,Not inferable from GA names,
P-07BC-0_DI-43,23,,IRSC infrared remote interface,M-0071_H-ZN1111-4_P-ZN1CL.2DIRSC,Not inferable from GA names,
P-07BC-0_DI-44,24,,IRSC infrared remote interface,M-0071_H-ZN1111-4_P-ZN1CL.2DIRSC,Not inferable from GA names,
P-07BC-0_DI-45,25,,IRSC infrared remote interface,M-0071_H-ZN1111-4_P-ZN1CL.2DIRSC,Not inferable from GA names,
P-07BC-0_DI-46,26,,IRSC infrared remote interface,M-0071_H-ZN1111-4_P-ZN1CL.2DIRSC,Not inferable from GA names,
P-07BC-0_DI-57,27,,Tecla 55 X4 keypad,M-0071_H-ZVIT55X4-1_P-ZVIT55X4,Not inferable from GA names,
P-07BC-0_DI-58,28,,Tecla 55 X4 keypad,M-0071_H-ZVIT55X4-1_P-ZVIT55X4,Not inferable from GA names,
P-07BC-0_DI-59,29,,Tecla 55 X4 keypad,M-0071_H-ZVIT55X4-1_P-ZVIT55X4,Not inferable from GA names,
P-07BC-0_DI-60,30,,Tecla 55 X4 keypad,M-0071_H-ZVIT55X4-1_P-ZVIT55X4,Not inferable from GA names,
P-07BC-0_DI-61,31,,Tecla 55 X4 keypad,M-0071_H-ZVIT55X4-1_P-ZVIT55X4,Not inferable from GA names,
P-07BC-0_DI-62,32,,Tecla 55 X4 keypad,M-0071_H-ZVIT55X4-1_P-ZVIT55X4,Not inferable from GA names,
P-07BC-0_DI-63,33,,Tecla 55 X6 keypad,M-0071_H-ZVIT55X6-1_P-ZVIT55X6,Not inferable from GA names,
P-07BC-0_DI-64,34,,Tecla 55 X6 keypad,M-0071_H-ZVIT55X6-1_P-ZVIT55X6,Not inferable from GA names,
P-07BC-0_DI-72,35,,Tecla 55 X6 keypad,M-0071_H-ZVIT55X6-1_P-ZVIT55X6,Not inferable from GA names,
P-07BC-0_DI-73,36,,Tecla 55 X6 keypad,M-0071_H-ZVIT55X6-1_P-ZVIT55X6,Not inferable from GA names,
P-07BC-0_DI-65,37,,Touch-MyDesign Plus 4,M-0071_H-ZVI.2DTMDP4-0_P-ZVI.2DTMDP4,Not inferable from GA names,
P-07BC-0_DI-66,38,,Touch-MyDesign Plus 4,M-0071_H-ZVI.2DTMDP4-0_P-ZVI.2DTMDP4,Not inferable from GA names,
P-07BC-0_DI-70,39,Majlis & Dining Touch-MyDesign Plus 6,Touch-MyDesign Plus 6,M-0071_H-ZVI.2DTMDP6-0_P-ZVI.2DTMDP6,Not inferable from GA names,
P-07BC-0_DI-74,40,Majlis & Dining Touch-MyDesign Plus 6,Touch-MyDesign Plus 6,M-0071_H-ZVI.2DTMDP6-0_P-ZVI.2DTMDP6,Not inferable from GA names,
P-07BC-0_DI-71,41,G.F Living Areas Touch-MyDesign Plus 8,Touch-MyDesign Plus 8,M-0071_H-ZVI.2DTMDP8-0_P-ZVI.2DTMDP8,Not inferable from GA names,
P-07BC-0_DI-86,42,Living Room Z35 v2,Z35 v2 touch panel,M-0071_H-ZVIZ35V2-1_P-ZVIZ35V2,Blinds/Shutters; HVAC; Lighting,2 Fan | 2 Fan Info | 2 Mode | 2 Mode Info | 2 Set Point | 2 Set Point Info | 2 Temp. | 4 Move | 4 Status | 4 Stop | 5 Move | 5 Status | 5 Stop | 6 Move | 6 Status | 6 Stop | D10 Dimming | D10 Dimming Info | D10 ON/Off | D10 ON/Off Info | D11 Dimmimg Info | D11 Dimming | D11 ON/Off | D11 ON/Off  Info | D7 Dimming | D7 Dimming Info | D7 ON/Off | D7 ON/Off  Info | D8 Dimming | D8 Dimming Info | D8 ON/Off | D8 ON/Off Info | D9 Dimming | D9 Dimming Info | D9 ON/Off | D9 ON/Off  Info | On/Off 29 | On/Off 29 Info | On/Off 30 | On/Off 30 Info | On/Off 31 | On/Off 31 Info
P-07BC-0_DI-85,43,Majlis & Dining G.F Z35 v2,Z35 v2 touch panel,M-0071_H-ZVIZ35V2-1_P-ZVIZ35V2,Blinds/Shutters; HVAC; Lighting,1 Fan | 1 Fan Info | 1 Mode | 1 Mode Info | 1 Move | 1 Set Point | 1 Set Point Info | 1 Status | 1 Stop | 1 Temp. | 2 Move | 2 Status | 2 Stop | D1 Dimming | D1 Dimming  Info | D1 ON/Off | D1 ON/Off Info | D2 Dimming | D2 Dimming  Info | D2 ON/Off | D2 ON/Off Info | D3 Dimming | D3 Dimming Info | D3 ON/Off | D3 ON/Off Info | D4 Dimmimg | D4 Dimmimg Info | D4 ON/Off | D4 ON/Off Info | D5 Dimming | D5 Dimming Info | D5 ON/Off | D5 ON/Off Info | D6 Dimming | D6 Dimming Info | D6 ON/Off | D6 ON/Off Info | On/Off 24 | On/Off 24 Info | On/Off 25 | On/Off 25 Info | On/Off 26 | On/Off 26 Info | On/Off 27 | On/Off 27 Info | On/Off 28 | On/Off 28 Info
P-07BC-0_DI-87,44,Sun Room Z35 v2,Z35 v2 touch panel,M-0071_H-ZVIZ35V2-1_P-ZVIZ35V2,Blinds/Shutters; HVAC; Lighting,3 Fan | 3 Fan Info | 3 Mode | 3 Mode Info | 3 Set Point | 3 Set Point Info | 3 Temp. | 7 Move | 7 Status | 7 Stop | D14 Dimming | D14 Dimming Info | D14 ON/Off | D14 ON/Off Info | D15 Dimming | D15 Dimming Info | D15 ON/Off | D15 ON/Off Info
P-07BC-0_DI-88,45,Master Room Z35 v2,Z35 v2 touch panel,M-0071_H-ZVIZ35V2-1_P-ZVIZ35V2,Blinds/Shutters; HVAC; Lighting,4 Fan | 4 Fan Info | 4 Mode | 4 Mode Info | 4 Set Point | 4 Set Point Info | 4 Temp. | 9 Move | 9 Status | 9 Stop | D16 Dimming | D16 Dimming Info | D16 ON/Off | D16 ON/Off Info | D17 Dimming | D17 Dimming Info | D17 ON/Off | D17 ON/Off Info | D18 Dimming | D18 Dimming Info | D18 ON/Off | D18 ON/Off Info | D19 Dimming | D19 Dimming Info | D19 ON/Off | D19 ON/Off Info | D20 Dimming | D20 Dimming Info | D20 ON/Off | D20 ON/Off Info | D21 Dimming | D21 Dimming Info | D21 ON/Off | D21 ON/Off Info | D22 Dimming | D22 Dimming Info | D22 ON/Off | D22 ON/Off Info | On/Off 40 | On/Off 40 Info | On/Off 41 | On/Off 41 Info | On/Off 42 | On/Off 42 Info
P-07BC-0_DI-89,46,Room 1 Z35 v2,Z35 v2 touch panel,M-0071_H-ZVIZ35V2-1_P-ZVIZ35V2,Blinds/Shutters; HVAC; Lighting,12 Move | 12 Status | 12 Stop | 6 Fan | 6 Fan Info | 6 Mode | 6 Mode Info | 6 Set Point | 6 Set Point Info | 6 Temp. | D27 Dimming | D27 Dimming Info | D27 ON/Off | D27 ON/Off Info | D28 Dimming | D28 Dimming Info | D28 ON/Off | D28 ON/Off Info | D29 Dimming | D29 Dimming Info | D29 ON/Off | D29 ON/Off Info | D30 Dimming | D30 Dimming Info | D30 ON/Off | D30 ON/Off Info | D31 Dimming | D31 Dimming Info | D31 ON/Off | D31 ON/Off Info | D32 Dimming | D32 Dimming Info | D32 ON/Off | D32 ON/Off Info
P-07BC-0_DI-90,47,Room 2 Z35 v2,Z35 v2 touch panel,M-0071_H-ZVIZ35V2-1_P-ZVIZ35V2,Blinds/Shutters; HVAC; Lighting,13 Move | 13 Status | 13 Stop | 7 Fan | 7 Fan Info | 7 Mode | 7 Mode Info | 7 Set Point | 7 Set Point Info | 7 Temp. | D33 Dimming | D33 Dimming Info | D33 ON/Off | D33 ON/Off Info | D34 Dimming | D34 Dimming Info | D34 ON/Off | D34 ON/Off Info | D35 Dimming | D35 Dimming Info | D35 ON/Off | D35 ON/Off Info | D36 Dimming | D36 Dimming Info | D36 ON/Off | D36 ON/Off Info | D37 Dimming | D37 Dimming Info | D37 ON/Off | D37 ON/Off Info | D38 Dimming | D38 Dimming Info | D38 ON/Off | D38 ON/Off Info
P-07BC-0_DI-91,48,Roof Master Room Z35 v2,Z35 v2 touch panel,M-0071_H-ZVIZ35V2-1_P-ZVIZ35V2,Blinds/Shutters; HVAC; Lighting,14 Move | 14 Status | 14 Stop | 8 Temp. | 9 Fan | 9 Fan Info | 9 Mode | 9 Mode Info | 9 Set Point | 9 Set Point Info | 9 Temp. | D39 Dimming | D39 Dimming Info | D39 ON/Off | D39 ON/Off Info | D40 Dimming | D40 Dimming Info | D40 ON/Off | D40 ON/Off Info | D41 Dimming | D41 Dimming Info | D41 ON/Off | D41 ON/Off Info | D42 Dimming | D42 Dimming Info | D42 ON/Off | D42 ON/Off Info | On/Off 46 | On/Off 46 Info | On/Off 47 | On/Off 47 Info | On/Off 48 | On/Off 48 Info
P-07BC-0_DI-92,49,Roof Living Areas Z35 v2,Z35 v2 touch panel,M-0071_H-ZVIZ35V2-1_P-ZVIZ35V2,Blinds/Shutters; HVAC; Lighting,14 Move | 14 Status | 14 Stop | 15 Move | 15 Status | 15 Stop | 9 Fan | 9 Fan Info | 9 Mode | 9 Mode Info | 9 Set Point | 9 Set Point Info | 9 Temp. | D43 Dimming | D43 Dimming Info | D43 ON/Off | D43 ON/Off Info | D44 Dimming | D44 Dimming Info | D44 ON/Off | D44 ON/Off Info | D45 Dimming | D45 Dimming Info | D45 ON/Off | D45 ON/Off Info | D46 Dimming | D46 Dimming Info | D46 ON/Off | D46 ON/Off Info | D47 Dimming | D47 Dimming Info | D47 ON/Off | D47 ON/Off Info | D48 Dimming | D48 Dimming Info | D48 ON/Off | D48 ON/Off Info
P-07BC-0_DI-98,50,Majlis & Dining G.F Z35 v2,Z35 v2 touch panel,M-0071_H-ZVIZ35V2-1_P-ZVIZ35V2,Not inferable from GA names,
P-07BC-0_DI-99,51,,Z100 touch panel,M-0071_H-ZVIZ100-1_P-ZVIZ100,Blinds/Shutters; Garage; HVAC; Lighting,1 Fan | 1 Fan Info | 1 Mode | 1 Mode Info | 1 Move | 1 Set Point | 1 Set Point Info | 1 Status | 1 Stop | 1 Temp. | 10 Fan | 10 Fan Info | 10 Mode | 10 Mode Info | 10 Move | 10 Set Point | 10 Set Point Info | 10 Status | 10 Stop | 10 Temp. | 11 Fan | 11 Mode | 11 Move | 11 Set Point | 11 Status | 11 Stop | 11 Temp. | 12 Fan | 12 Mode | 12 Move | 12 Set Point | 12 Status | 12 Stop | 12 Temp. | 13 Fan | 13 Mode | 13 Move | 13 Set Point | 13 Status | 13 Stop | 13 Temp. | 14 Move | 14 Status | 14 Stop | 15 Move | 15 Status | 15 Stop | 16 Move | 16 Status | 16 Stop | 17 Move | 17 Status | 17 Stop | 18 Move | 18 Status | 18 Stop | 2 Fan | 2 Fan Info | 2 Mode | 2 Mode Info | 2 Move | 2 Set Point | 2 Set Point Info | 2 Status | 2 Stop | 2 Temp. | 3 Fan | 3 Fan Info | 3 Mode | 3 Mode Info | 3 Move | 3 Set Point | 3 Set Point Info | 3 Status | 3 Stop | 3 Temp. | 4 Fan | 4 Fan Info | 4 Mode | 4 Mode Info | 4 Move | 4 Set Point | 4 Set Point Info | 4 Status | 4 Stop | 4 Temp. | 5 Fan | 5 Fan Info | 5 Mode | 5 Mode Info | 5 Move | 5 Set Point | 5 Set Point Info | 5 Status | 5 Stop | 5 Temp. | 6 Fan | 6 Fan Info | 6 Mode | 6 Mode Info | 6 Move | 6 Set Point | 6 Set Point Info | 6 Status | 6 Stop | 6 Temp. | 7 Fan | 7 Fan Info | 7 Mode | 7 Mode Info | 7 Move | 7 Set Point | 7 Set Point Info | 7 Status | 7 Stop | 7 Temp. | 8 Fan | 8 Fan Info | 8 Mode | 8 Mode Info | 8 Move | 8 Set Point | 8 Set Point Info | 8 Status | 8 Stop | 8 Temp. | 9 Fan | 9 Fan Info | 9 Mode | 9 Mode Info | 9 Move | 9 Set Point | 9 Set Point Info | 9 Status | 9 Stop | 9 Temp. | D1 Dimming | D1 Dimming  Info | D1 ON/Off | D1 ON/Off Info | D10 Dimming | D10 Dimming Info | D10 ON/Off | D10 ON/Off Info | D11 Dimmimg Info | D11 Dimming | D11 ON/Off | D11 ON/Off  Info | D12 Dimming | D12 Dimming Info | D12 ON/Off | D12 ON/Off Info | D13 Dimming | D13 Dimming Info | D13 ON/Off | D13 ON/Off Info | D14 Dimming | D14 Dimming Info | D14 ON/Off | D14 ON/Off Info | D15 Dimming | D15 Dimming Info | D15 ON/Off | D15 ON/Off Info | D16 Dimming | D16 Dimming Info | D16 ON/Off | D16 ON/Off Info | D17 Dimming | D17 Dimming Info | D17 ON/Off | D17 ON/Off Info | D18 Dimming | D18 Dimming Info | D18 ON/Off | D18 ON/Off Info | D19 Dimming | D19 Dimming Info | D19 ON/Off | D19 ON/Off Info | D2 Dimming | D2 Dimming  Info | D2 ON/Off | D2 ON/Off Info | D20 Dimming | D20 Dimming Info | D20 ON/Off | D20 ON/Off Info | D21 Dimming | D21 Dimming Info | D21 ON/Off | D21 ON/Off Info | D22 Dimming | D22 Dimming Info | D22 ON/Off | D22 ON/Off Info | D23 Dimming | D23 Dimming Info | D23 ON/Off | D23 ON/Off Info | D24 Dimming | D24 Dimming Info | D24 ON/Off | D24 ON/Off Info | D25 Dimming | D25 Dimming Info | D25 ON/Off | D25 ON/Off Info | D26 Dimming | D26 Dimming Info | D26 ON/Off | D26 ON/Off Info | D27 Dimming | D27 Dimming Info | D27 ON/Off | D27 ON/Off Info | D28 Dimming | D28 Dimming Info | D28 ON/Off | D28 ON/Off Info | D29 Dimming | D29 Dimming Info | D29 ON/Off | D29 ON/Off Info | D3 Dimming | D3 Dimming Info | D3 ON/Off | D3 ON/Off Info | D30 Dimming | D30 Dimming Info | D30 ON/Off | D30 ON/Off Info | D31 Dimming | D31 Dimming Info | D31 ON/Off | D31 ON/Off Info | D32 Dimming | D32 Dimming Info | D32 ON/Off | D32 ON/Off Info | D33 Dimming | D33 Dimming Info | D33 ON/Off | D33 ON/Off Info | D34 Dimming | D34 Dimming Info | D34 ON/Off | D34 ON/Off Info | D35 Dimming | D35 Dimming Info | D35 ON/Off | D35 ON/Off Info | D36 Dimming | D36 Dimming Info | D36 ON/Off | D36 ON/Off Info | D37 Dimming | D37 Dimming Info | D37 ON/Off | D37 ON/Off Info | D38 Dimming | D38 Dimming Info | D38 ON/Off | D38 ON/Off Info | D39 Dimming | D39 Dimming Info | D39 ON/Off | D39 ON/Off Info | D4 Dimmimg | D4 Dimmimg Info | D4 ON/Off | D4 ON/Off Info | D40 Dimming | D40 Dimming Info | D40 ON/Off | D40 ON/Off Info | D41 Dimming | D41 Dimming Info | D41 ON/Off | D41 ON/Off Info | D42 Dimming | D42 Dimming Info | D42 ON/Off | D42 ON/Off Info | D43 Dimming | D43 Dimming Info | D43 ON/Off | D43 ON/Off Info | D44 Dimming | D44 Dimming Info | D44 ON/Off | D44 ON/Off Info | D45 Dimming | D45 Dimming Info | D45 ON/Off | D45 ON/Off Info | D46 Dimming | D46 Dimming Info | D46 ON/Off | D46 ON/Off Info | D47 Dimming | D47 Dimming Info | D47 ON/Off | D47 ON/Off Info | D48 Dimming | D48 Dimming Info | D48 ON/Off | D48 ON/Off Info | D5 Dimming | D5 Dimming Info | D5 ON/Off | D5 ON/Off Info | D6 Dimming | D6 Dimming Info | D6 ON/Off | D6 ON/Off Info | D7 Dimming | D7 Dimming Info | D7 ON/Off | D7 ON/Off  Info | D8 Dimming | D8 Dimming Info | D8 ON/Off | D8 ON/Off Info | D9 Dimming | D9 Dimming Info | D9 ON/Off | D9 ON/Off  Info | Move Garage Info | On/Off 24 | On/Off 24 Info | On/Off 25 | On/Off 25 Info | On/Off 26 | On/Off 26 Info | On/Off 27 | On/Off 27 Info | On/Off 28 | On/Off 28 Info | On/Off 29 | On/Off 29 Info | On/Off 30 | On/Off 30 Info | On/Off 31 | On/Off 31 Info | On/Off 32 | On/Off 32 Info | On/Off 33 | On/Off 33 Info | On/Off 34 | On/Off 34 Info | On/Off 35 | On/Off 35 Info | On/Off 36 | On/Off 36 Info | On/Off 37 | On/Off 37 Info | On/Off 38 | On/Off 38 Info | On/Off 39 | On/Off 39 Info | On/Off 40 | On/Off 40 Info | On/Off 41 | On/Off 41 Info | On/Off 42 | On/Off 42 Info | On/Off 43 | On/Off 43 Info | On/Off 44 | On/Off 44 Info | On/Off 45 | On/Off 45 Info | On/Off 46 | On/Off 46 Info | On/Off 47 | On/Off 47 Info | On/Off 48 | On/Off 48 Info | On/Off 49 | On/Off 49 Info | On/Off 50 | On/Off 50 Info | On/Off 51 | On/Off 51 Info | On/Off 52 | On/Off 52 Info | On/Off 53 | On/Off 53 Info | On/Off 54 | On/Off 54 Info | On/Off 55 | On/Off 55 Info | On/Off 56 | On/Off 56 Info | On/Off 57 | On/Off 57 Info | On/Off 58 | On/Off 58 Info | On/Off 59 | On/Off 59 Info | On/Off 60 | On/Off 60 Info | On/Off 9 | On/Off 9 Info | Stop Garage | Stop Garage Info
P-07BC-0_DI-100,52,,Presence/occupancy detector,M-0071_H-ZPDEZTPV2-1_P-ZPDEZTPV2,Not inferable from GA names,
P-07BC-0_DI-101,53,,Presence/occupancy detector,M-0071_H-ZPDEZTPV2-1_P-ZPDEZTPV2,Not inferable from GA names,
P-07BC-0_DI-102,54,,Presence/occupancy detector,M-0071_H-ZPDEZTPV2-1_P-ZPDEZTPV2,Not inferable from GA names,
P-07BC-0_DI-103,55,,Presence/occupancy detector,M-0071_H-ZPDEZTPV2-1_P-ZPDEZTPV2,Not inferable from GA names,
P-07BC-0_DI-10,,,KNX power supply,M-0071_H-ZPSU640-1_P-ZPSU640,Not inferable from GA names,
