DeviceId,IndividualAddress,Name,ProductRefId,Hardware2ProgramRefId,Puid,ModelFamily,LogicalPath,ChannelIds,ObjectInstanceCount,LinkedGroupAddressCount
P-07BC-0_DI-11,1,,M-0071_H-ZSYKIPISC-1_P-ZSYKIPISC,M-0071_H-ZSYKIPISC-1_HP-6391-11-346B,1275,KIPI SC / communication gateway,Area:P-07BC-0_A-2 > Line:P-07BC-0_L-3 > Segment:P-07BC-0_S-3,,0,0
P-07BC-0_DI-12,2,,M-0071_H-ZDID64V3-1_P-ZDID64V3,M-0071_H-ZDID64V3-1_HP-3351-20-2390,1281,DALI gateway/driver,Area:P-07BC-0_A-2 > Line:P-07BC-0_L-3 > Segment:P-07BC-0_S-3,,0,0
P-07BC-0_DI-13,3,,M-0071_H-ZDID64V3-1_P-ZDID64V3,M-0071_H-ZDID64V3-1_HP-3351-20-2390,1282,DALI gateway/driver,Area:P-07BC-0_A-2 > Line:P-07BC-0_L-3 > Segment:P-07BC-0_S-3,,0,0
P-07BC-0_DI-14,4,,M-0071_H-ZIOMB8V4-0_P-ZIOMB8V4,M-0071_H-ZIOMB8V4-0_HP-4991-1C-AED6,1283,Relay actuator 8-channel,Area:P-07BC-0_A-2 > Line:P-07BC-0_L-3 > Segment:P-07BC-0_S-3,CH-79,16,15
P-07BC-0_DI-15,5,,M-0071_H-ZIOMB8V4-0_P-ZIOMB8V4,M-0071_H-ZIOMB8V4-0_HP-4991-1C-AED6,1284,Relay actuator 8-channel,Area:P-07BC-0_A-2 > Line:P-07BC-0_L-3 > Segment:P-07BC-0_S-3,CH-79,16,16
P-07BC-0_DI-16,6,,M-0071_H-ZIOMB16V4-0_P-ZIOMB16V4,M-0071_H-ZIOMB16V4-0_HP-4981-1C-94CF,1285,Relay actuator 16-channel,Area:P-07BC-0_A-2 > Line:P-07BC-0_L-3 > Segment:P-07BC-0_S-3,CH-79,32,32
P-07BC-0_DI-17,7,,M-0071_H-ZIOMB16V4-0_P-ZIOMB16V4,M-0071_H-ZIOMB16V4-0_HP-4981-1C-94CF,1286,Relay actuator 16-channel,Area:P-07BC-0_A-2 > Line:P-07BC-0_L-3 > Segment:P-07BC-0_S-3,CH-79,32,32
P-07BC-0_DI-18,8,,M-0071_H-ZIOMB24V2-0_P-ZIOMB24V2,M-0071_H-ZIOMB24V2-0_HP-4951-1C-7327,1287,Relay actuator 24-channel,Area:P-07BC-0_A-2 > Line:P-07BC-0_L-3 > Segment:P-07BC-0_S-3,CH-79,48,48
P-07BC-0_DI-19,9,,M-0071_H-ZIOMBSH8V3-0_P-ZIOMBSH8V3,M-0071_H-ZIOMBSH8V3-0_HP-4B51-1C-84FC,1288,Shutter actuator 8-channel,Area:P-07BC-0_A-2 > Line:P-07BC-0_L-3 > Segment:P-07BC-0_S-3,CH-79,24,24
P-07BC-0_DI-20,10,,M-0071_H-ZIOMBSH8V3-0_P-ZIOMBSH8V3,M-0071_H-ZIOMBSH8V3-0_HP-4B51-1C-84FC,1289,Shutter actuator 8-channel,Area:P-07BC-0_A-2 > Line:P-07BC-0_L-3 > Segment:P-07BC-0_S-3,CH-79,24,24
P-07BC-0_DI-21,11,,M-0071_H-ZIOMBSH8V3-0_P-ZIOMBSH8V3,M-0071_H-ZIOMBSH8V3-0_HP-4B51-1C-84FC,1290,Shutter actuator 8-channel,Area:P-07BC-0_A-2 > Line:P-07BC-0_L-3 > Segment:P-07BC-0_S-3,CH-79,6,6
P-07BC-0_DI-22,12,,M-0071_H-ZCL.2DLG1-0_P-ZCL.2DLG1,M-0071_H-ZCL.2DLG1-0_HP-1251-11-A621,1291,Universal logic controller / actuator,Area:P-07BC-0_A-2 > Line:P-07BC-0_L-3 > Segment:P-07BC-0_S-3,CH-34,10,10
P-07BC-0_DI-24,13,,M-0071_H-ZCL.2DLG1-0_P-ZCL.2DLG1,M-0071_H-ZCL.2DLG1-0_HP-1251-11-A621,1293,Universal logic controller / actuator,Area:P-07BC-0_A-2 > Line:P-07BC-0_L-3 > Segment:P-07BC-0_S-3,CH-34,10,10
P-07BC-0_DI-25,14,,M-0071_H-ZCL.2DLG1-0_P-ZCL.2DLG1,M-0071_H-ZCL.2DLG1-0_HP-1251-11-A621,1294,Universal logic controller / actuator,Area:P-07BC-0_A-2 > Line:P-07BC-0_L-3 > Segment:P-07BC-0_S-3,CH-34,10,10
P-07BC-0_DI-26,15,,M-0071_H-ZCL.2DLG1-0_P-ZCL.2DLG1,M-0071_H-ZCL.2DLG1-0_HP-1251-11-A621,1295,Universal logic controller / actuator,Area:P-07BC-0_A-2 > Line:P-07BC-0_L-3 > Segment:P-07BC-0_S-3,CH-34,10,10
P-07BC-0_DI-27,16,,M-0071_H-ZCL.2DLG1-0_P-ZCL.2DLG1,M-0071_H-ZCL.2DLG1-0_HP-1251-11-A621,1296,Universal logic controller / actuator,Area:P-07BC-0_A-2 > Line:P-07BC-0_L-3 > Segment:P-07BC-0_S-3,CH-34,10,10
P-07BC-0_DI-28,17,,M-0071_H-ZCL.2DLG1-0_P-ZCL.2DLG1,M-0071_H-ZCL.2DLG1-0_HP-1251-11-A621,1297,Universal logic controller / actuator,Area:P-07BC-0_A-2 > Line:P-07BC-0_L-3 > Segment:P-07BC-0_S-3,CH-34,10,10
P-07BC-0_DI-29,18,,M-0071_H-ZCL.2DLG1-0_P-ZCL.2DLG1,M-0071_H-ZCL.2DLG1-0_HP-1251-11-A621,1298,Universal logic controller / actuator,Area:P-07BC-0_A-2 > Line:P-07BC-0_L-3 > Segment:P-07BC-0_S-3,CH-34,10,10
P-07BC-0_DI-30,19,,M-0071_H-ZCL.2DLG1-0_P-ZCL.2DLG1,M-0071_H-ZCL.2DLG1-0_HP-1251-11-A621,1299,Universal logic controller / actuator,Area:P-07BC-0_A-2 > Line:P-07BC-0_L-3 > Segment:P-07BC-0_S-3,CH-34,10,10
P-07BC-0_DI-38,20,,M-0071_H-ZCL.2DLG1-0_P-ZCL.2DLG1,M-0071_H-ZCL.2DLG1-0_HP-1251-11-A621,1307,Universal logic controller / actuator,Area:P-07BC-0_A-2 > Line:P-07BC-0_L-3 > Segment:P-07BC-0_S-3,CH-34,10,10
P-07BC-0_DI-41,21,,M-0071_H-ZCL.2DLG1-0_P-ZCL.2DLG1,M-0071_H-ZCL.2DLG1-0_HP-1251-11-A621,1310,Universal logic controller / actuator,Area:P-07BC-0_A-2 > Line:P-07BC-0_L-3 > Segment:P-07BC-0_S-3,,0,0
P-07BC-0_DI-42,22,,M-0071_H-ZCL.2DLG1-0_P-ZCL.2DLG1,M-0071_H-ZCL.2DLG1-0_HP-1251-11-A621,1311,Universal logic controller / actuator,Area:P-07BC-0_A-2 > Line:P-07BC-0_L-3 > Segment:P-07BC-0_S-3,,0,0
P-07BC-0_DI-43,23,,M-0071_H-ZN1111-4_P-ZN1CL.2DIRSC,M-0071_H-ZN1111-4_HP-1130-6D-1CED,1312,IRSC infrared remote interface,Area:P-07BC-0_A-2 > Line:P-07BC-0_L-3 > Segment:P-07BC-0_S-3,,0,0
P-07BC-0_DI-44,24,,M-0071_H-ZN1111-4_P-ZN1CL.2DIRSC,M-0071_H-ZN1111-4_HP-1130-6D-1CED,1313,IRSC infrared remote interface,Area:P-07BC-0_A-2 > Line:P-07BC-0_L-3 > Segment:P-07BC-0_S-3,,0,0
P-07BC-0_DI-45,25,,M-0071_H-ZN1111-4_P-ZN1CL.2DIRSC,M-0071_H-ZN1111-4_HP-1130-6D-1CED,1314,IRSC infrared remote interface,Area:P-07BC-0_A-2 > Line:P-07BC-0_L-3 > Segment:P-07BC-0_S-3,,0,0
P-07BC-0_DI-46,26,,M-0071_H-ZN1111-4_P-ZN1CL.2DIRSC,M-0071_H-ZN1111-4_HP-1130-6D-1CED,1315,IRSC infrared remote interface,Area:P-07BC-0_A-2 > Line:P-07BC-0_L-3 > Segment:P-07BC-0_S-3,,0,0
P-07BC-0_DI-57,27,,M-0071_H-ZVIT55X4-1_P-ZVIT55X4,M-0071_H-ZVIT55X4-1_HP-5931-18-D12C,1334,Tecla 55 X4 keypad,Area:P-07BC-0_A-2 > Line:P-07BC-0_L-3 > Segment:P-07BC-0_S-3,CH-15,1,0
P-07BC-0_DI-58,28,,M-0071_H-ZVIT55X4-1_P-ZVIT55X4,M-0071_H-ZVIT55X4-1_HP-5931-18-D12C,1335,Tecla 55 X4 keypad,Area:P-07BC-0_A-2 > Line:P-07BC-0_L-3 > Segment:P-07BC-0_S-3,,0,0
P-07BC-0_DI-59,29,,M-0071_H-ZVIT55X4-1_P-ZVIT55X4,M-0071_H-ZVIT55X4-1_HP-5931-18-D12C,1336,Tecla 55 X4 keypad,Area:P-07BC-0_A-2 > Line:P-07BC-0_L-3 > Segment:P-07BC-0_S-3,,0,0
P-07BC-0_DI-60,30,,M-0071_H-ZVIT55X4-1_P-ZVIT55X4,M-0071_H-ZVIT55X4-1_HP-5931-18-D12C,1337,Tecla 55 X4 keypad,Area:P-07BC-0_A-2 > Line:P-07BC-0_L-3 > Segment:P-07BC-0_S-3,,0,0
P-07BC-0_DI-61,31,,M-0071_H-ZVIT55X4-1_P-ZVIT55X4,M-0071_H-ZVIT55X4-1_HP-5931-18-D12C,1338,Tecla 55 X4 keypad,Area:P-07BC-0_A-2 > Line:P-07BC-0_L-3 > Segment:P-07BC-0_S-3,,0,0
P-07BC-0_DI-62,32,,M-0071_H-ZVIT55X4-1_P-ZVIT55X4,M-0071_H-ZVIT55X4-1_HP-5931-18-D12C,1339,Tecla 55 X4 keypad,Area:P-07BC-0_A-2 > Line:P-07BC-0_L-3 > Segment:P-07BC-0_S-3,,0,0
P-07BC-0_DI-63,33,,M-0071_H-ZVIT55X6-1_P-ZVIT55X6,M-0071_H-ZVIT55X6-1_HP-5941-18-10EC,1340,Tecla 55 X6 keypad,Area:P-07BC-0_A-2 > Line:P-07BC-0_L-3 > Segment:P-07BC-0_S-3,,0,0
P-07BC-0_DI-64,34,,M-0071_H-ZVIT55X6-1_P-ZVIT55X6,M-0071_H-ZVIT55X6-1_HP-5941-18-10EC,1341,Tecla 55 X6 keypad,Area:P-07BC-0_A-2 > Line:P-07BC-0_L-3 > Segment:P-07BC-0_S-3,,0,0
P-07BC-0_DI-72,35,,M-0071_H-ZVIT55X6-1_P-ZVIT55X6,M-0071_H-ZVIT55X6-1_HP-5941-18-10EC,1349,Tecla 55 X6 keypad,Area:P-07BC-0_A-2 > Line:P-07BC-0_L-3 > Segment:P-07BC-0_S-3,,0,0
P-07BC-0_DI-73,36,,M-0071_H-ZVIT55X6-1_P-ZVIT55X6,M-0071_H-ZVIT55X6-1_HP-5941-18-10EC,1350,Tecla 55 X6 keypad,Area:P-07BC-0_A-2 > Line:P-07BC-0_L-3 > Segment:P-07BC-0_S-3,,0,0
P-07BC-0_DI-65,37,,M-0071_H-ZVI.2DTMDP4-0_P-ZVI.2DTMDP4,M-0071_H-ZVI.2DTMDP4-0_HP-5341-14-E0A0,1342,Touch-MyDesign Plus 4,Area:P-07BC-0_A-2 > Line:P-07BC-0_L-3 > Segment:P-07BC-0_S-3,,0,0
P-07BC-0_DI-66,38,,M-0071_H-ZVI.2DTMDP4-0_P-ZVI.2DTMDP4,M-0071_H-ZVI.2DTMDP4-0_HP-5341-14-E0A0,1343,Touch-MyDesign Plus 4,Area:P-07BC-0_A-2 > Line:P-07BC-0_L-3 > Segment:P-07BC-0_S-3,,0,0
P-07BC-0_DI-70,39,Majlis & Dining Touch-MyDesign Plus 6,M-0071_H-ZVI.2DTMDP6-0_P-ZVI.2DTMDP6,M-0071_H-ZVI.2DTMDP6-0_HP-5351-14-74E3,1347,Touch-MyDesign Plus 6,Area:P-07BC-0_A-2 > Line:P-07BC-0_L-3 > Segment:P-07BC-0_S-3,,0,0
P-07BC-0_DI-74,40,Majlis & Dining Touch-MyDesign Plus 6,M-0071_H-ZVI.2DTMDP6-0_P-ZVI.2DTMDP6,M-0071_H-ZVI.2DTMDP6-0_HP-5351-14-74E3,1351,Touch-MyDesign Plus 6,Area:P-07BC-0_A-2 > Line:P-07BC-0_L-3 > Segment:P-07BC-0_S-3,,0,0
P-07BC-0_DI-71,41,G.F Living Areas Touch-MyDesign Plus 8,M-0071_H-ZVI.2DTMDP8-0_P-ZVI.2DTMDP8,M-0071_H-ZVI.2DTMDP8-0_HP-5361-14-BD97,1348,Touch-MyDesign Plus 8,Area:P-07BC-0_A-2 > Line:P-07BC-0_L-3 > Segment:P-07BC-0_S-3,,0,0
P-07BC-0_DI-86,42,Living Room Z35 v2,M-0071_H-ZVIZ35V2-1_P-ZVIZ35V2,M-0071_H-ZVIZ35V2-1_HP-51E1-31-32AF,1369,Z35 v2 touch panel,Area:P-07BC-0_A-2 > Line:P-07BC-0_L-3 > Segment:P-07BC-0_S-3,CH-1 | CH-10 | CH-2,48,42
P-07BC-0_DI-85,43,Majlis & Dining G.F Z35 v2,M-0071_H-ZVIZ35V2-1_P-ZVIZ35V2,M-0071_H-ZVIZ35V2-1_HP-51E1-31-32AF,1368,Z35 v2 touch panel,Area:P-07BC-0_A-2 > Line:P-07BC-0_L-3 > Segment:P-07BC-0_S-3,CH-1 | CH-10 | CH-2,53,47
P-07BC-0_DI-87,44,Sun Room Z35 v2,M-0071_H-ZVIZ35V2-1_P-ZVIZ35V2,M-0071_H-ZVIZ35V2-1_HP-51E1-31-32AF,1370,Z35 v2 touch panel,Area:P-07BC-0_A-2 > Line:P-07BC-0_L-3 > Segment:P-07BC-0_S-3,CH-1 | CH-10 | CH-2,24,18
P-07BC-0_DI-88,45,Master Room Z35 v2,M-0071_H-ZVIZ35V2-1_P-ZVIZ35V2,M-0071_H-ZVIZ35V2-1_HP-51E1-31-32AF,1371,Z35 v2 touch panel,Area:P-07BC-0_A-2 > Line:P-07BC-0_L-3 > Segment:P-07BC-0_S-3,CH-1 | CH-10 | CH-2,50,44
P-07BC-0_DI-89,46,Room 1 Z35 v2,M-0071_H-ZVIZ35V2-1_P-ZVIZ35V2,M-0071_H-ZVIZ35V2-1_HP-51E1-31-32AF,1372,Z35 v2 touch panel,Area:P-07BC-0_A-2 > Line:P-07BC-0_L-3 > Segment:P-07BC-0_S-3,CH-1 | CH-10 | CH-2,40,34
P-07BC-0_DI-90,47,Room 2 Z35 v2,M-0071_H-ZVIZ35V2-1_P-ZVIZ35V2,M-0071_H-ZVIZ35V2-1_HP-51E1-31-32AF,1373,Z35 v2 touch panel,Area:P-07BC-0_A-2 > Line:P-07BC-0_L-3 > Segment:P-07BC-0_S-3,CH-1 | CH-10 | CH-2,40,34
P-07BC-0_DI-91,48,Roof Master Room Z35 v2,M-0071_H-ZVIZ35V2-1_P-ZVIZ35V2,M-0071_H-ZVIZ35V2-1_HP-51E1-31-32AF,1374,Z35 v2 touch panel,Area:P-07BC-0_A-2 > Line:P-07BC-0_L-3 > Segment:P-07BC-0_S-3,CH-1 | CH-10 | CH-2,38,33
P-07BC-0_DI-92,49,Roof Living Areas Z35 v2,M-0071_H-ZVIZ35V2-1_P-ZVIZ35V2,M-0071_H-ZVIZ35V2-1_HP-51E1-31-32AF,1375,Z35 v2 touch panel,Area:P-07BC-0_A-2 > Line:P-07BC-0_L-3 > Segment:P-07BC-0_S-3,CH-1 | CH-10 | CH-2,43,37
P-07BC-0_DI-98,50,Majlis & Dining G.F Z35 v2,M-0071_H-ZVIZ35V2-1_P-ZVIZ35V2,M-0071_H-ZVIZ35V2-1_HP-51E1-31-32AF,1384,Z35 v2 touch panel,Area:P-07BC-0_A-2 > Line:P-07BC-0_L-3 > Segment:P-07BC-0_S-3,,0,0
P-07BC-0_DI-99,51,,M-0071_H-ZVIZ100-1_P-ZVIZ100,M-0071_H-ZVIZ100-1_HP-5521-37-37C5,1387,Z100 touch panel,Area:P-07BC-0_A-2 > Line:P-07BC-0_L-3 > Segment:P-07BC-0_S-3,CH-2,408,407
P-07BC-0_DI-100,52,,M-0071_H-ZPDEZTPV2-1_P-ZPDEZTPV2,M-0071_H-ZPDEZTPV2-1_HP-44F1-15-B839,1389,Presence/occupancy detector,Area:P-07BC-0_A-2 > Line:P-07BC-0_L-3 > Segment:P-07BC-0_S-3,,0,0
P-07BC-0_DI-101,53,,M-0071_H-ZPDEZTPV2-1_P-ZPDEZTPV2,M-0071_H-ZPDEZTPV2-1_HP-44F1-15-B839,1390,Presence/occupancy detector,Area:P-07BC-0_A-2 > Line:P-07BC-0_L-3 > Segment:P-07BC-0_S-3,,0,0
P-07BC-0_DI-102,54,,M-0071_H-ZPDEZTPV2-1_P-ZPDEZTPV2,M-0071_H-ZPDEZTPV2-1_HP-44F1-15-B839,1391,Presence/occupancy detector,Area:P-07BC-0_A-2 > Line:P-07BC-0_L-3 > Segment:P-07BC-0_S-3,,0,0
P-07BC-0_DI-103,55,,M-0071_H-ZPDEZTPV2-1_P-ZPDEZTPV2,M-0071_H-ZPDEZTPV2-1_HP-44F1-15-B839,1392,Presence/occupancy detector,Area:P-07BC-0_A-2 > Line:P-07BC-0_L-3 > Segment:P-07BC-0_S-3,,0,0
P-07BC-0_DI-10,,,M-0071_H-ZPSU640-1_P-ZPSU640,M-0071_H-ZPSU640-1_HP,1274,KNX power supply,Area:P-07BC-0_A-2 > Line:P-07BC-0_L-3 > Segment:P-07BC-0_S-3,,0,0
