DeviceId,Address,Name,ProductRefId,Hardware2ProgramRefId,Puid,AreaAddress,AreaNumber,AreaName,LineAddress,LineNumber,LineName,SegmentAddress,SegmentName,SpaceId,SpaceName,NodeId,NodeName,ComObjectRefCount,ParameterRefCount
P-07BC-0_DI-10,,,M-0071_H-ZPSU640-1_P-ZPSU640,M-0071_H-ZPSU640-1_HP,1274,1,,,1,,,,,,,,,0,0
P-07BC-0_DI-11,1,,M-0071_H-ZSYKIPISC-1_P-ZSYKIPISC,M-0071_H-ZSYKIPISC-1_HP-6391-11-346B,1275,1,,,1,,,,,,,,,0,2
P-07BC-0_DI-12,2,,M-0071_H-ZDID64V3-1_P-ZDID64V3,M-0071_H-ZDID64V3-1_HP-3351-20-2390,1281,1,,,1,,,,,,,,,0,193
P-07BC-0_DI-13,3,,M-0071_H-ZDID64V3-1_P-ZDID64V3,M-0071_H-ZDID64V3-1_HP-3351-20-2390,1282,1,,,1,,,,,,,,,0,193
P-07BC-0_DI-14,4,,M-0071_H-ZIOMB8V4-0_P-ZIOMB8V4,M-0071_H-ZIOMB8V4-0_HP-4991-1C-AED6,1283,1,,,1,,,,,,,,,16,17
P-07BC-0_DI-15,5,,M-0071_H-ZIOMB8V4-0_P-ZIOMB8V4,M-0071_H-ZIOMB8V4-0_HP-4991-1C-AED6,1284,1,,,1,,,,,,,,,16,16
P-07BC-0_DI-16,6,,M-0071_H-ZIOMB16V4-0_P-ZIOMB16V4,M-0071_H-ZIOMB16V4-0_HP-4981-1C-94CF,1285,1,,,1,,,,,,,,,32,30
P-07BC-0_DI-17,7,,M-0071_H-ZIOMB16V4-0_P-ZIOMB16V4,M-0071_H-ZIOMB16V4-0_HP-4981-1C-94CF,1286,1,,,1,,,,,,,,,32,30
P-07BC-0_DI-18,8,,M-0071_H-ZIOMB24V2-0_P-ZIOMB24V2,M-0071_H-ZIOMB24V2-0_HP-4951-1C-7327,1287,1,,,1,,,,,,,,,48,48
P-07BC-0_DI-19,9,,M-0071_H-ZIOMBSH8V3-0_P-ZIOMBSH8V3,M-0071_H-ZIOMBSH8V3-0_HP-4B51-1C-84FC,1288,1,,,1,,,,,,,,,24,38
P-07BC-0_DI-20,10,,M-0071_H-ZIOMBSH8V3-0_P-ZIOMBSH8V3,M-0071_H-ZIOMBSH8V3-0_HP-4B51-1C-84FC,1289,1,,,1,,,,,,,,,24,38
P-07BC-0_DI-21,11,,M-0071_H-ZIOMBSH8V3-0_P-ZIOMBSH8V3,M-0071_H-ZIOMBSH8V3-0_HP-4B51-1C-84FC,1290,1,,,1,,,,,,,,,6,38
P-07BC-0_DI-22,12,,M-0071_H-ZCL.2DLG1-0_P-ZCL.2DLG1,M-0071_H-ZCL.2DLG1-0_HP-1251-11-A621,1291,1,,,1,,,,,,,,,10,1
P-07BC-0_DI-24,13,,M-0071_H-ZCL.2DLG1-0_P-ZCL.2DLG1,M-0071_H-ZCL.2DLG1-0_HP-1251-11-A621,1293,1,,,1,,,,,,,,,10,1
P-07BC-0_DI-25,14,,M-0071_H-ZCL.2DLG1-0_P-ZCL.2DLG1,M-0071_H-ZCL.2DLG1-0_HP-1251-11-A621,1294,1,,,1,,,,,,,,,10,1
P-07BC-0_DI-26,15,,M-0071_H-ZCL.2DLG1-0_P-ZCL.2DLG1,M-0071_H-ZCL.2DLG1-0_HP-1251-11-A621,1295,1,,,1,,,,,,,,,10,1
P-07BC-0_DI-27,16,,M-0071_H-ZCL.2DLG1-0_P-ZCL.2DLG1,M-0071_H-ZCL.2DLG1-0_HP-1251-11-A621,1296,1,,,1,,,,,,,,,10,1
P-07BC-0_DI-28,17,,M-0071_H-ZCL.2DLG1-0_P-ZCL.2DLG1,M-0071_H-ZCL.2DLG1-0_HP-1251-11-A621,1297,1,,,1,,,,,,,,,10,1
P-07BC-0_DI-29,18,,M-0071_H-ZCL.2DLG1-0_P-ZCL.2DLG1,M-0071_H-ZCL.2DLG1-0_HP-1251-11-A621,1298,1,,,1,,,,,,,,,10,1
P-07BC-0_DI-30,19,,M-0071_H-ZCL.2DLG1-0_P-ZCL.2DLG1,M-0071_H-ZCL.2DLG1-0_HP-1251-11-A621,1299,1,,,1,,,,,,,,,10,1
P-07BC-0_DI-38,20,,M-0071_H-ZCL.2DLG1-0_P-ZCL.2DLG1,M-0071_H-ZCL.2DLG1-0_HP-1251-11-A621,1307,1,,,1,,,,,,,,,10,1
P-07BC-0_DI-41,21,,M-0071_H-ZCL.2DLG1-0_P-ZCL.2DLG1,M-0071_H-ZCL.2DLG1-0_HP-1251-11-A621,1310,1,,,1,,,,,,,,,0,1
P-07BC-0_DI-42,22,,M-0071_H-ZCL.2DLG1-0_P-ZCL.2DLG1,M-0071_H-ZCL.2DLG1-0_HP-1251-11-A621,1311,1,,,1,,,,,,,,,0,1
P-07BC-0_DI-43,23,,M-0071_H-ZN1111-4_P-ZN1CL.2DIRSC,M-0071_H-ZN1111-4_HP-1130-6D-1CED,1312,1,,,1,,,,,,,,,0,0
P-07BC-0_DI-44,24,,M-0071_H-ZN1111-4_P-ZN1CL.2DIRSC,M-0071_H-ZN1111-4_HP-1130-6D-1CED,1313,1,,,1,,,,,,,,,0,0
P-07BC-0_DI-45,25,,M-0071_H-ZN1111-4_P-ZN1CL.2DIRSC,M-0071_H-ZN1111-4_HP-1130-6D-1CED,1314,1,,,1,,,,,,,,,0,0
P-07BC-0_DI-46,26,,M-0071_H-ZN1111-4_P-ZN1CL.2DIRSC,M-0071_H-ZN1111-4_HP-1130-6D-1CED,1315,1,,,1,,,,,,,,,0,0
P-07BC-0_DI-57,27,,M-0071_H-ZVIT55X4-1_P-ZVIT55X4,M-0071_H-ZVIT55X4-1_HP-5931-18-D12C,1334,1,,,1,,,,,,,,,1,14
P-07BC-0_DI-58,28,,M-0071_H-ZVIT55X4-1_P-ZVIT55X4,M-0071_H-ZVIT55X4-1_HP-5931-18-D12C,1335,1,,,1,,,,,,,,,0,1
P-07BC-0_DI-59,29,,M-0071_H-ZVIT55X4-1_P-ZVIT55X4,M-0071_H-ZVIT55X4-1_HP-5931-18-D12C,1336,1,,,1,,,,,,,,,0,1
P-07BC-0_DI-60,30,,M-0071_H-ZVIT55X4-1_P-ZVIT55X4,M-0071_H-ZVIT55X4-1_HP-5931-18-D12C,1337,1,,,1,,,,,,,,,0,1
P-07BC-0_DI-61,31,,M-0071_H-ZVIT55X4-1_P-ZVIT55X4,M-0071_H-ZVIT55X4-1_HP-5931-18-D12C,1338,1,,,1,,,,,,,,,0,1
P-07BC-0_DI-62,32,,M-0071_H-ZVIT55X4-1_P-ZVIT55X4,M-0071_H-ZVIT55X4-1_HP-5931-18-D12C,1339,1,,,1,,,,,,,,,0,1
P-07BC-0_DI-63,33,,M-0071_H-ZVIT55X6-1_P-ZVIT55X6,M-0071_H-ZVIT55X6-1_HP-5941-18-10EC,1340,1,,,1,,,,,,,,,0,0
P-07BC-0_DI-64,34,,M-0071_H-ZVIT55X6-1_P-ZVIT55X6,M-0071_H-ZVIT55X6-1_HP-5941-18-10EC,1341,1,,,1,,,,,,,,,0,0
P-07BC-0_DI-65,37,,M-0071_H-ZVI.2DTMDP4-0_P-ZVI.2DTMDP4,M-0071_H-ZVI.2DTMDP4-0_HP-5341-14-E0A0,1342,1,,,1,,,,,,,,,0,5
P-07BC-0_DI-66,38,,M-0071_H-ZVI.2DTMDP4-0_P-ZVI.2DTMDP4,M-0071_H-ZVI.2DTMDP4-0_HP-5341-14-E0A0,1343,1,,,1,,,,,,,,,0,5
P-07BC-0_DI-70,39,Majlis & Dining Touch-MyDesign Plus 6,M-0071_H-ZVI.2DTMDP6-0_P-ZVI.2DTMDP6,M-0071_H-ZVI.2DTMDP6-0_HP-5351-14-74E3,1347,1,,,1,,,,,,,,,0,31
P-07BC-0_DI-71,41,G.F Living Areas Touch-MyDesign Plus 8,M-0071_H-ZVI.2DTMDP8-0_P-ZVI.2DTMDP8,M-0071_H-ZVI.2DTMDP8-0_HP-5361-14-BD97,1348,1,,,1,,,,,,,,,0,24
P-07BC-0_DI-72,35,,M-0071_H-ZVIT55X6-1_P-ZVIT55X6,M-0071_H-ZVIT55X6-1_HP-5941-18-10EC,1349,1,,,1,,,,,,,,,0,0
P-07BC-0_DI-73,36,,M-0071_H-ZVIT55X6-1_P-ZVIT55X6,M-0071_H-ZVIT55X6-1_HP-5941-18-10EC,1350,1,,,1,,,,,,,,,0,0
P-07BC-0_DI-74,40,Majlis & Dining Touch-MyDesign Plus 6,M-0071_H-ZVI.2DTMDP6-0_P-ZVI.2DTMDP6,M-0071_H-ZVI.2DTMDP6-0_HP-5351-14-74E3,1351,1,,,1,,,,,,,,,0,31
P-07BC-0_DI-85,43,Majlis & Dining G.F Z35 v2,M-0071_H-ZVIZ35V2-1_P-ZVIZ35V2,M-0071_H-ZVIZ35V2-1_HP-51E1-31-32AF,1368,1,,,1,,,,,,,,,53,242
P-07BC-0_DI-86,42, Living Room Z35 v2,M-0071_H-ZVIZ35V2-1_P-ZVIZ35V2,M-0071_H-ZVIZ35V2-1_HP-51E1-31-32AF,1369,1,,,1,,,,,,,,,48,234
P-07BC-0_DI-87,44,Sun Room Z35 v2,M-0071_H-ZVIZ35V2-1_P-ZVIZ35V2,M-0071_H-ZVIZ35V2-1_HP-51E1-31-32AF,1370,1,,,1,,,,,,,,,24,101
P-07BC-0_DI-88,45,Master Room Z35 v2,M-0071_H-ZVIZ35V2-1_P-ZVIZ35V2,M-0071_H-ZVIZ35V2-1_HP-51E1-31-32AF,1371,1,,,1,,,,,,,,,50,173
P-07BC-0_DI-89,46,Room 1 Z35 v2,M-0071_H-ZVIZ35V2-1_P-ZVIZ35V2,M-0071_H-ZVIZ35V2-1_HP-51E1-31-32AF,1372,1,,,1,,,,,,,,,40,131
P-07BC-0_DI-90,47,Room 2 Z35 v2,M-0071_H-ZVIZ35V2-1_P-ZVIZ35V2,M-0071_H-ZVIZ35V2-1_HP-51E1-31-32AF,1373,1,,,1,,,,,,,,,40,135
P-07BC-0_DI-91,48,Roof Master Room Z35 v2,M-0071_H-ZVIZ35V2-1_P-ZVIZ35V2,M-0071_H-ZVIZ35V2-1_HP-51E1-31-32AF,1374,1,,,1,,,,,,,,,38,218
P-07BC-0_DI-92,49,Roof Living Areas Z35 v2,M-0071_H-ZVIZ35V2-1_P-ZVIZ35V2,M-0071_H-ZVIZ35V2-1_HP-51E1-31-32AF,1375,1,,,1,,,,,,,,,43,210
P-07BC-0_DI-98,50,Majlis & Dining G.F Z35 v2,M-0071_H-ZVIZ35V2-1_P-ZVIZ35V2,M-0071_H-ZVIZ35V2-1_HP-51E1-31-32AF,1384,1,,,1,,,,,,,,,0,242
P-07BC-0_DI-99,51,,M-0071_H-ZVIZ100-1_P-ZVIZ100,M-0071_H-ZVIZ100-1_HP-5521-37-37C5,1387,1,,,1,,,,,,,,,408,3479
P-07BC-0_DI-100,52,,M-0071_H-ZPDEZTPV2-1_P-ZPDEZTPV2,M-0071_H-ZPDEZTPV2-1_HP-44F1-15-B839,1389,1,,,1,,,,,,,,,0,1
P-07BC-0_DI-101,53,,M-0071_H-ZPDEZTPV2-1_P-ZPDEZTPV2,M-0071_H-ZPDEZTPV2-1_HP-44F1-15-B839,1390,1,,,1,,,,,,,,,0,0
P-07BC-0_DI-102,54,,M-0071_H-ZPDEZTPV2-1_P-ZPDEZTPV2,M-0071_H-ZPDEZTPV2-1_HP-44F1-15-B839,1391,1,,,1,,,,,,,,,0,0
P-07BC-0_DI-103,55,,M-0071_H-ZPDEZTPV2-1_P-ZPDEZTPV2,M-0071_H-ZPDEZTPV2-1_HP-44F1-15-B839,1392,1,,,1,,,,,,,,,0,0
