DeviceId,DeviceAddress,ModuleId,RefId,Name,RepeatIndex,Attributes
P-07BC-0_DI-12,2,MD-1_M-1_MI-1,MD-1_M-1,,66x1 67x1,"{""Id"": ""MD-1_M-1_MI-1"", ""RefId"": ""MD-1_M-1"", ""RepeatIndex"": ""66x1 67x1""}"
P-07BC-0_DI-13,3,MD-1_M-1_MI-1,MD-1_M-1,,66x1 67x1,"{""Id"": ""MD-1_M-1_MI-1"", ""RefId"": ""MD-1_M-1"", ""RepeatIndex"": ""66x1 67x1""}"
P-07BC-0_DI-85,43,MD-1_M-9_MI-1,MD-1_M-9,,1859x1 1860x1,"{""Id"": ""MD-1_M-9_MI-1"", ""RefId"": ""MD-1_M-9"", ""RepeatIndex"": ""1859x1 1860x1""}"
P-07BC-0_DI-85,43,MD-1_M-9_MI-2,MD-1_M-9,,1859x2 1860x1,"{""Id"": ""MD-1_M-9_MI-2"", ""RefId"": ""MD-1_M-9"", ""RepeatIndex"": ""1859x2 1860x1""}"
P-07BC-0_DI-85,43,MD-1_M-9_MI-3,MD-1_M-9,,1859x3 1860x1,"{""Id"": ""MD-1_M-9_MI-3"", ""RefId"": ""MD-1_M-9"", ""RepeatIndex"": ""1859x3 1860x1""}"
P-07BC-0_DI-85,43,MD-1_M-9_MI-4,MD-1_M-9,,1859x4 1860x1,"{""Id"": ""MD-1_M-9_MI-4"", ""RefId"": ""MD-1_M-9"", ""RepeatIndex"": ""1859x4 1860x1""}"
P-07BC-0_DI-85,43,MD-2_M-8_MI-1,MD-2_M-8,,1887x1 1888x1,"{""Id"": ""MD-2_M-8_MI-1"", ""RefId"": ""MD-2_M-8"", ""RepeatIndex"": ""1887x1 1888x1""}"
P-07BC-0_DI-85,43,MD-2_M-8_MI-10,MD-2_M-8,,1887x10 1888x1,"{""Id"": ""MD-2_M-8_MI-10"", ""RefId"": ""MD-2_M-8"", ""RepeatIndex"": ""1887x10 1888x1""}"
P-07BC-0_DI-85,43,MD-2_M-8_MI-11,MD-2_M-8,,1887x11 1888x1,"{""Id"": ""MD-2_M-8_MI-11"", ""RefId"": ""MD-2_M-8"", ""RepeatIndex"": ""1887x11 1888x1""}"
P-07BC-0_DI-85,43,MD-2_M-8_MI-12,MD-2_M-8,,1887x12 1888x1,"{""Id"": ""MD-2_M-8_MI-12"", ""RefId"": ""MD-2_M-8"", ""RepeatIndex"": ""1887x12 1888x1""}"
P-07BC-0_DI-85,43,MD-2_M-8_MI-13,MD-2_M-8,,1887x13 1888x1,"{""Id"": ""MD-2_M-8_MI-13"", ""RefId"": ""MD-2_M-8"", ""RepeatIndex"": ""1887x13 1888x1""}"
P-07BC-0_DI-85,43,MD-2_M-8_MI-14,MD-2_M-8,,1887x14 1888x1,"{""Id"": ""MD-2_M-8_MI-14"", ""RefId"": ""MD-2_M-8"", ""RepeatIndex"": ""1887x14 1888x1""}"
P-07BC-0_DI-85,43,MD-2_M-8_MI-15,MD-2_M-8,,1887x15 1888x1,"{""Id"": ""MD-2_M-8_MI-15"", ""RefId"": ""MD-2_M-8"", ""RepeatIndex"": ""1887x15 1888x1""}"
P-07BC-0_DI-85,43,MD-2_M-8_MI-16,MD-2_M-8,,1887x16 1888x1,"{""Id"": ""MD-2_M-8_MI-16"", ""RefId"": ""MD-2_M-8"", ""RepeatIndex"": ""1887x16 1888x1""}"
P-07BC-0_DI-85,43,MD-2_M-8_MI-17,MD-2_M-8,,1887x17 1888x1,"{""Id"": ""MD-2_M-8_MI-17"", ""RefId"": ""MD-2_M-8"", ""RepeatIndex"": ""1887x17 1888x1""}"
P-07BC-0_DI-85,43,MD-2_M-8_MI-18,MD-2_M-8,,1887x18 1888x1,"{""Id"": ""MD-2_M-8_MI-18"", ""RefId"": ""MD-2_M-8"", ""RepeatIndex"": ""1887x18 1888x1""}"
P-07BC-0_DI-85,43,MD-2_M-8_MI-19,MD-2_M-8,,1887x19 1888x1,"{""Id"": ""MD-2_M-8_MI-19"", ""RefId"": ""MD-2_M-8"", ""RepeatIndex"": ""1887x19 1888x1""}"
P-07BC-0_DI-85,43,MD-2_M-8_MI-2,MD-2_M-8,,1887x2 1888x1,"{""Id"": ""MD-2_M-8_MI-2"", ""RefId"": ""MD-2_M-8"", ""RepeatIndex"": ""1887x2 1888x1""}"
P-07BC-0_DI-85,43,MD-2_M-8_MI-20,MD-2_M-8,,1887x20 1888x1,"{""Id"": ""MD-2_M-8_MI-20"", ""RefId"": ""MD-2_M-8"", ""RepeatIndex"": ""1887x20 1888x1""}"
P-07BC-0_DI-85,43,MD-2_M-8_MI-3,MD-2_M-8,,1887x3 1888x1,"{""Id"": ""MD-2_M-8_MI-3"", ""RefId"": ""MD-2_M-8"", ""RepeatIndex"": ""1887x3 1888x1""}"
P-07BC-0_DI-85,43,MD-2_M-8_MI-4,MD-2_M-8,,1887x4 1888x1,"{""Id"": ""MD-2_M-8_MI-4"", ""RefId"": ""MD-2_M-8"", ""RepeatIndex"": ""1887x4 1888x1""}"
P-07BC-0_DI-85,43,MD-2_M-8_MI-5,MD-2_M-8,,1887x5 1888x1,"{""Id"": ""MD-2_M-8_MI-5"", ""RefId"": ""MD-2_M-8"", ""RepeatIndex"": ""1887x5 1888x1""}"
P-07BC-0_DI-85,43,MD-2_M-8_MI-6,MD-2_M-8,,1887x6 1888x1,"{""Id"": ""MD-2_M-8_MI-6"", ""RefId"": ""MD-2_M-8"", ""RepeatIndex"": ""1887x6 1888x1""}"
P-07BC-0_DI-85,43,MD-2_M-8_MI-7,MD-2_M-8,,1887x7 1888x1,"{""Id"": ""MD-2_M-8_MI-7"", ""RefId"": ""MD-2_M-8"", ""RepeatIndex"": ""1887x7 1888x1""}"
P-07BC-0_DI-85,43,MD-2_M-8_MI-8,MD-2_M-8,,1887x8 1888x1,"{""Id"": ""MD-2_M-8_MI-8"", ""RefId"": ""MD-2_M-8"", ""RepeatIndex"": ""1887x8 1888x1""}"
P-07BC-0_DI-85,43,MD-2_M-8_MI-9,MD-2_M-8,,1887x9 1888x1,"{""Id"": ""MD-2_M-8_MI-9"", ""RefId"": ""MD-2_M-8"", ""RepeatIndex"": ""1887x9 1888x1""}"
P-07BC-0_DI-86,42,MD-1_M-9_MI-1,MD-1_M-9,,1859x1 1860x1,"{""Id"": ""MD-1_M-9_MI-1"", ""RefId"": ""MD-1_M-9"", ""RepeatIndex"": ""1859x1 1860x1""}"
P-07BC-0_DI-86,42,MD-1_M-9_MI-2,MD-1_M-9,,1859x2 1860x1,"{""Id"": ""MD-1_M-9_MI-2"", ""RefId"": ""MD-1_M-9"", ""RepeatIndex"": ""1859x2 1860x1""}"
P-07BC-0_DI-86,42,MD-1_M-9_MI-3,MD-1_M-9,,1859x3 1860x1,"{""Id"": ""MD-1_M-9_MI-3"", ""RefId"": ""MD-1_M-9"", ""RepeatIndex"": ""1859x3 1860x1""}"
P-07BC-0_DI-86,42,MD-1_M-9_MI-4,MD-1_M-9,,1859x4 1860x1,"{""Id"": ""MD-1_M-9_MI-4"", ""RefId"": ""MD-1_M-9"", ""RepeatIndex"": ""1859x4 1860x1""}"
P-07BC-0_DI-86,42,MD-2_M-8_MI-1,MD-2_M-8,,1887x1 1888x1,"{""Id"": ""MD-2_M-8_MI-1"", ""RefId"": ""MD-2_M-8"", ""RepeatIndex"": ""1887x1 1888x1""}"
P-07BC-0_DI-86,42,MD-2_M-8_MI-10,MD-2_M-8,,1887x10 1888x1,"{""Id"": ""MD-2_M-8_MI-10"", ""RefId"": ""MD-2_M-8"", ""RepeatIndex"": ""1887x10 1888x1""}"
P-07BC-0_DI-86,42,MD-2_M-8_MI-11,MD-2_M-8,,1887x11 1888x1,"{""Id"": ""MD-2_M-8_MI-11"", ""RefId"": ""MD-2_M-8"", ""RepeatIndex"": ""1887x11 1888x1""}"
P-07BC-0_DI-86,42,MD-2_M-8_MI-12,MD-2_M-8,,1887x12 1888x1,"{""Id"": ""MD-2_M-8_MI-12"", ""RefId"": ""MD-2_M-8"", ""RepeatIndex"": ""1887x12 1888x1""}"
P-07BC-0_DI-86,42,MD-2_M-8_MI-13,MD-2_M-8,,1887x13 1888x1,"{""Id"": ""MD-2_M-8_MI-13"", ""RefId"": ""MD-2_M-8"", ""RepeatIndex"": ""1887x13 1888x1""}"
P-07BC-0_DI-86,42,MD-2_M-8_MI-14,MD-2_M-8,,1887x14 1888x1,"{""Id"": ""MD-2_M-8_MI-14"", ""RefId"": ""MD-2_M-8"", ""RepeatIndex"": ""1887x14 1888x1""}"
P-07BC-0_DI-86,42,MD-2_M-8_MI-15,MD-2_M-8,,1887x15 1888x1,"{""Id"": ""MD-2_M-8_MI-15"", ""RefId"": ""MD-2_M-8"", ""RepeatIndex"": ""1887x15 1888x1""}"
P-07BC-0_DI-86,42,MD-2_M-8_MI-16,MD-2_M-8,,1887x16 1888x1,"{""Id"": ""MD-2_M-8_MI-16"", ""RefId"": ""MD-2_M-8"", ""RepeatIndex"": ""1887x16 1888x1""}"
P-07BC-0_DI-86,42,MD-2_M-8_MI-17,MD-2_M-8,,1887x17 1888x1,"{""Id"": ""MD-2_M-8_MI-17"", ""RefId"": ""MD-2_M-8"", ""RepeatIndex"": ""1887x17 1888x1""}"
P-07BC-0_DI-86,42,MD-2_M-8_MI-18,MD-2_M-8,,1887x18 1888x1,"{""Id"": ""MD-2_M-8_MI-18"", ""RefId"": ""MD-2_M-8"", ""RepeatIndex"": ""1887x18 1888x1""}"
P-07BC-0_DI-86,42,MD-2_M-8_MI-19,MD-2_M-8,,1887x19 1888x1,"{""Id"": ""MD-2_M-8_MI-19"", ""RefId"": ""MD-2_M-8"", ""RepeatIndex"": ""1887x19 1888x1""}"
P-07BC-0_DI-86,42,MD-2_M-8_MI-2,MD-2_M-8,,1887x2 1888x1,"{""Id"": ""MD-2_M-8_MI-2"", ""RefId"": ""MD-2_M-8"", ""RepeatIndex"": ""1887x2 1888x1""}"
P-07BC-0_DI-86,42,MD-2_M-8_MI-20,MD-2_M-8,,1887x20 1888x1,"{""Id"": ""MD-2_M-8_MI-20"", ""RefId"": ""MD-2_M-8"", ""RepeatIndex"": ""1887x20 1888x1""}"
P-07BC-0_DI-86,42,MD-2_M-8_MI-3,MD-2_M-8,,1887x3 1888x1,"{""Id"": ""MD-2_M-8_MI-3"", ""RefId"": ""MD-2_M-8"", ""RepeatIndex"": ""1887x3 1888x1""}"
P-07BC-0_DI-86,42,MD-2_M-8_MI-4,MD-2_M-8,,1887x4 1888x1,"{""Id"": ""MD-2_M-8_MI-4"", ""RefId"": ""MD-2_M-8"", ""RepeatIndex"": ""1887x4 1888x1""}"
P-07BC-0_DI-86,42,MD-2_M-8_MI-5,MD-2_M-8,,1887x5 1888x1,"{""Id"": ""MD-2_M-8_MI-5"", ""RefId"": ""MD-2_M-8"", ""RepeatIndex"": ""1887x5 1888x1""}"
P-07BC-0_DI-86,42,MD-2_M-8_MI-6,MD-2_M-8,,1887x6 1888x1,"{""Id"": ""MD-2_M-8_MI-6"", ""RefId"": ""MD-2_M-8"", ""RepeatIndex"": ""1887x6 1888x1""}"
P-07BC-0_DI-86,42,MD-2_M-8_MI-7,MD-2_M-8,,1887x7 1888x1,"{""Id"": ""MD-2_M-8_MI-7"", ""RefId"": ""MD-2_M-8"", ""RepeatIndex"": ""1887x7 1888x1""}"
P-07BC-0_DI-86,42,MD-2_M-8_MI-8,MD-2_M-8,,1887x8 1888x1,"{""Id"": ""MD-2_M-8_MI-8"", ""RefId"": ""MD-2_M-8"", ""RepeatIndex"": ""1887x8 1888x1""}"
P-07BC-0_DI-86,42,MD-2_M-8_MI-9,MD-2_M-8,,1887x9 1888x1,"{""Id"": ""MD-2_M-8_MI-9"", ""RefId"": ""MD-2_M-8"", ""RepeatIndex"": ""1887x9 1888x1""}"
P-07BC-0_DI-87,44,MD-1_M-9_MI-1,MD-1_M-9,,1859x1 1860x1,"{""Id"": ""MD-1_M-9_MI-1"", ""RefId"": ""MD-1_M-9"", ""RepeatIndex"": ""1859x1 1860x1""}"
P-07BC-0_DI-87,44,MD-1_M-9_MI-2,MD-1_M-9,,1859x2 1860x1,"{""Id"": ""MD-1_M-9_MI-2"", ""RefId"": ""MD-1_M-9"", ""RepeatIndex"": ""1859x2 1860x1""}"
P-07BC-0_DI-87,44,MD-2_M-8_MI-1,MD-2_M-8,,1887x1 1888x1,"{""Id"": ""MD-2_M-8_MI-1"", ""RefId"": ""MD-2_M-8"", ""RepeatIndex"": ""1887x1 1888x1""}"
P-07BC-0_DI-87,44,MD-2_M-8_MI-10,MD-2_M-8,,1887x10 1888x1,"{""Id"": ""MD-2_M-8_MI-10"", ""RefId"": ""MD-2_M-8"", ""RepeatIndex"": ""1887x10 1888x1""}"
P-07BC-0_DI-87,44,MD-2_M-8_MI-2,MD-2_M-8,,1887x2 1888x1,"{""Id"": ""MD-2_M-8_MI-2"", ""RefId"": ""MD-2_M-8"", ""RepeatIndex"": ""1887x2 1888x1""}"
P-07BC-0_DI-87,44,MD-2_M-8_MI-3,MD-2_M-8,,1887x3 1888x1,"{""Id"": ""MD-2_M-8_MI-3"", ""RefId"": ""MD-2_M-8"", ""RepeatIndex"": ""1887x3 1888x1""}"
P-07BC-0_DI-87,44,MD-2_M-8_MI-4,MD-2_M-8,,1887x4 1888x1,"{""Id"": ""MD-2_M-8_MI-4"", ""RefId"": ""MD-2_M-8"", ""RepeatIndex"": ""1887x4 1888x1""}"
P-07BC-0_DI-87,44,MD-2_M-8_MI-5,MD-2_M-8,,1887x5 1888x1,"{""Id"": ""MD-2_M-8_MI-5"", ""RefId"": ""MD-2_M-8"", ""RepeatIndex"": ""1887x5 1888x1""}"
P-07BC-0_DI-87,44,MD-2_M-8_MI-6,MD-2_M-8,,1887x6 1888x1,"{""Id"": ""MD-2_M-8_MI-6"", ""RefId"": ""MD-2_M-8"", ""RepeatIndex"": ""1887x6 1888x1""}"
P-07BC-0_DI-87,44,MD-2_M-8_MI-7,MD-2_M-8,,1887x7 1888x1,"{""Id"": ""MD-2_M-8_MI-7"", ""RefId"": ""MD-2_M-8"", ""RepeatIndex"": ""1887x7 1888x1""}"
P-07BC-0_DI-87,44,MD-2_M-8_MI-8,MD-2_M-8,,1887x8 1888x1,"{""Id"": ""MD-2_M-8_MI-8"", ""RefId"": ""MD-2_M-8"", ""RepeatIndex"": ""1887x8 1888x1""}"
P-07BC-0_DI-87,44,MD-2_M-8_MI-9,MD-2_M-8,,1887x9 1888x1,"{""Id"": ""MD-2_M-8_MI-9"", ""RefId"": ""MD-2_M-8"", ""RepeatIndex"": ""1887x9 1888x1""}"
P-07BC-0_DI-88,45,MD-1_M-9_MI-1,MD-1_M-9,,1859x1 1860x1,"{""Id"": ""MD-1_M-9_MI-1"", ""RefId"": ""MD-1_M-9"", ""RepeatIndex"": ""1859x1 1860x1""}"
P-07BC-0_DI-88,45,MD-1_M-9_MI-2,MD-1_M-9,,1859x2 1860x1,"{""Id"": ""MD-1_M-9_MI-2"", ""RefId"": ""MD-1_M-9"", ""RepeatIndex"": ""1859x2 1860x1""}"
P-07BC-0_DI-88,45,MD-1_M-9_MI-3,MD-1_M-9,,1859x3 1860x1,"{""Id"": ""MD-1_M-9_MI-3"", ""RefId"": ""MD-1_M-9"", ""RepeatIndex"": ""1859x3 1860x1""}"
P-07BC-0_DI-88,45,MD-1_M-9_MI-4,MD-1_M-9,,1859x4 1860x1,"{""Id"": ""MD-1_M-9_MI-4"", ""RefId"": ""MD-1_M-9"", ""RepeatIndex"": ""1859x4 1860x1""}"
P-07BC-0_DI-88,45,MD-2_M-8_MI-1,MD-2_M-8,,1887x1 1888x1,"{""Id"": ""MD-2_M-8_MI-1"", ""RefId"": ""MD-2_M-8"", ""RepeatIndex"": ""1887x1 1888x1""}"
P-07BC-0_DI-88,45,MD-2_M-8_MI-10,MD-2_M-8,,1887x10 1888x1,"{""Id"": ""MD-2_M-8_MI-10"", ""RefId"": ""MD-2_M-8"", ""RepeatIndex"": ""1887x10 1888x1""}"
P-07BC-0_DI-88,45,MD-2_M-8_MI-11,MD-2_M-8,,1887x11 1888x1,"{""Id"": ""MD-2_M-8_MI-11"", ""RefId"": ""MD-2_M-8"", ""RepeatIndex"": ""1887x11 1888x1""}"
P-07BC-0_DI-88,45,MD-2_M-8_MI-12,MD-2_M-8,,1887x12 1888x1,"{""Id"": ""MD-2_M-8_MI-12"", ""RefId"": ""MD-2_M-8"", ""RepeatIndex"": ""1887x12 1888x1""}"
P-07BC-0_DI-88,45,MD-2_M-8_MI-13,MD-2_M-8,,1887x13 1888x1,"{""Id"": ""MD-2_M-8_MI-13"", ""RefId"": ""MD-2_M-8"", ""RepeatIndex"": ""1887x13 1888x1""}"
P-07BC-0_DI-88,45,MD-2_M-8_MI-14,MD-2_M-8,,1887x14 1888x1,"{""Id"": ""MD-2_M-8_MI-14"", ""RefId"": ""MD-2_M-8"", ""RepeatIndex"": ""1887x14 1888x1""}"
P-07BC-0_DI-88,45,MD-2_M-8_MI-15,MD-2_M-8,,1887x15 1888x1,"{""Id"": ""MD-2_M-8_MI-15"", ""RefId"": ""MD-2_M-8"", ""RepeatIndex"": ""1887x15 1888x1""}"
P-07BC-0_DI-88,45,MD-2_M-8_MI-16,MD-2_M-8,,1887x16 1888x1,"{""Id"": ""MD-2_M-8_MI-16"", ""RefId"": ""MD-2_M-8"", ""RepeatIndex"": ""1887x16 1888x1""}"
P-07BC-0_DI-88,45,MD-2_M-8_MI-17,MD-2_M-8,,1887x17 1888x1,"{""Id"": ""MD-2_M-8_MI-17"", ""RefId"": ""MD-2_M-8"", ""RepeatIndex"": ""1887x17 1888x1""}"
P-07BC-0_DI-88,45,MD-2_M-8_MI-18,MD-2_M-8,,1887x18 1888x1,"{""Id"": ""MD-2_M-8_MI-18"", ""RefId"": ""MD-2_M-8"", ""RepeatIndex"": ""1887x18 1888x1""}"
P-07BC-0_DI-88,45,MD-2_M-8_MI-19,MD-2_M-8,,1887x19 1888x1,"{""Id"": ""MD-2_M-8_MI-19"", ""RefId"": ""MD-2_M-8"", ""RepeatIndex"": ""1887x19 1888x1""}"
P-07BC-0_DI-88,45,MD-2_M-8_MI-2,MD-2_M-8,,1887x2 1888x1,"{""Id"": ""MD-2_M-8_MI-2"", ""RefId"": ""MD-2_M-8"", ""RepeatIndex"": ""1887x2 1888x1""}"
P-07BC-0_DI-88,45,MD-2_M-8_MI-20,MD-2_M-8,,1887x20 1888x1,"{""Id"": ""MD-2_M-8_MI-20"", ""RefId"": ""MD-2_M-8"", ""RepeatIndex"": ""1887x20 1888x1""}"
P-07BC-0_DI-88,45,MD-2_M-8_MI-3,MD-2_M-8,,1887x3 1888x1,"{""Id"": ""MD-2_M-8_MI-3"", ""RefId"": ""MD-2_M-8"", ""RepeatIndex"": ""1887x3 1888x1""}"
P-07BC-0_DI-88,45,MD-2_M-8_MI-4,MD-2_M-8,,1887x4 1888x1,"{""Id"": ""MD-2_M-8_MI-4"", ""RefId"": ""MD-2_M-8"", ""RepeatIndex"": ""1887x4 1888x1""}"
P-07BC-0_DI-88,45,MD-2_M-8_MI-5,MD-2_M-8,,1887x5 1888x1,"{""Id"": ""MD-2_M-8_MI-5"", ""RefId"": ""MD-2_M-8"", ""RepeatIndex"": ""1887x5 1888x1""}"
P-07BC-0_DI-88,45,MD-2_M-8_MI-6,MD-2_M-8,,1887x6 1888x1,"{""Id"": ""MD-2_M-8_MI-6"", ""RefId"": ""MD-2_M-8"", ""RepeatIndex"": ""1887x6 1888x1""}"
P-07BC-0_DI-88,45,MD-2_M-8_MI-7,MD-2_M-8,,1887x7 1888x1,"{""Id"": ""MD-2_M-8_MI-7"", ""RefId"": ""MD-2_M-8"", ""RepeatIndex"": ""1887x7 1888x1""}"
P-07BC-0_DI-88,45,MD-2_M-8_MI-8,MD-2_M-8,,1887x8 1888x1,"{""Id"": ""MD-2_M-8_MI-8"", ""RefId"": ""MD-2_M-8"", ""RepeatIndex"": ""1887x8 1888x1""}"
P-07BC-0_DI-88,45,MD-2_M-8_MI-9,MD-2_M-8,,1887x9 1888x1,"{""Id"": ""MD-2_M-8_MI-9"", ""RefId"": ""MD-2_M-8"", ""RepeatIndex"": ""1887x9 1888x1""}"
P-07BC-0_DI-89,46,MD-1_M-9_MI-1,MD-1_M-9,,1859x1 1860x1,"{""Id"": ""MD-1_M-9_MI-1"", ""RefId"": ""MD-1_M-9"", ""RepeatIndex"": ""1859x1 1860x1""}"
P-07BC-0_DI-89,46,MD-1_M-9_MI-2,MD-1_M-9,,1859x2 1860x1,"{""Id"": ""MD-1_M-9_MI-2"", ""RefId"": ""MD-1_M-9"", ""RepeatIndex"": ""1859x2 1860x1""}"
P-07BC-0_DI-89,46,MD-1_M-9_MI-3,MD-1_M-9,,1859x3 1860x1,"{""Id"": ""MD-1_M-9_MI-3"", ""RefId"": ""MD-1_M-9"", ""RepeatIndex"": ""1859x3 1860x1""}"
P-07BC-0_DI-89,46,MD-2_M-8_MI-1,MD-2_M-8,,1887x1 1888x1,"{""Id"": ""MD-2_M-8_MI-1"", ""RefId"": ""MD-2_M-8"", ""RepeatIndex"": ""1887x1 1888x1""}"
P-07BC-0_DI-89,46,MD-2_M-8_MI-10,MD-2_M-8,,1887x10 1888x1,"{""Id"": ""MD-2_M-8_MI-10"", ""RefId"": ""MD-2_M-8"", ""RepeatIndex"": ""1887x10 1888x1""}"
P-07BC-0_DI-89,46,MD-2_M-8_MI-11,MD-2_M-8,,1887x11 1888x1,"{""Id"": ""MD-2_M-8_MI-11"", ""RefId"": ""MD-2_M-8"", ""RepeatIndex"": ""1887x11 1888x1""}"
P-07BC-0_DI-89,46,MD-2_M-8_MI-12,MD-2_M-8,,1887x12 1888x1,"{""Id"": ""MD-2_M-8_MI-12"", ""RefId"": ""MD-2_M-8"", ""RepeatIndex"": ""1887x12 1888x1""}"
P-07BC-0_DI-89,46,MD-2_M-8_MI-13,MD-2_M-8,,1887x13 1888x1,"{""Id"": ""MD-2_M-8_MI-13"", ""RefId"": ""MD-2_M-8"", ""RepeatIndex"": ""1887x13 1888x1""}"
P-07BC-0_DI-89,46,MD-2_M-8_MI-14,MD-2_M-8,,1887x14 1888x1,"{""Id"": ""MD-2_M-8_MI-14"", ""RefId"": ""MD-2_M-8"", ""RepeatIndex"": ""1887x14 1888x1""}"
P-07BC-0_DI-89,46,MD-2_M-8_MI-15,MD-2_M-8,,1887x15 1888x1,"{""Id"": ""MD-2_M-8_MI-15"", ""RefId"": ""MD-2_M-8"", ""RepeatIndex"": ""1887x15 1888x1""}"
P-07BC-0_DI-89,46,MD-2_M-8_MI-2,MD-2_M-8,,1887x2 1888x1,"{""Id"": ""MD-2_M-8_MI-2"", ""RefId"": ""MD-2_M-8"", ""RepeatIndex"": ""1887x2 1888x1""}"
P-07BC-0_DI-89,46,MD-2_M-8_MI-3,MD-2_M-8,,1887x3 1888x1,"{""Id"": ""MD-2_M-8_MI-3"", ""RefId"": ""MD-2_M-8"", ""RepeatIndex"": ""1887x3 1888x1""}"
P-07BC-0_DI-89,46,MD-2_M-8_MI-4,MD-2_M-8,,1887x4 1888x1,"{""Id"": ""MD-2_M-8_MI-4"", ""RefId"": ""MD-2_M-8"", ""RepeatIndex"": ""1887x4 1888x1""}"
P-07BC-0_DI-89,46,MD-2_M-8_MI-5,MD-2_M-8,,1887x5 1888x1,"{""Id"": ""MD-2_M-8_MI-5"", ""RefId"": ""MD-2_M-8"", ""RepeatIndex"": ""1887x5 1888x1""}"
P-07BC-0_DI-89,46,MD-2_M-8_MI-6,MD-2_M-8,,1887x6 1888x1,"{""Id"": ""MD-2_M-8_MI-6"", ""RefId"": ""MD-2_M-8"", ""RepeatIndex"": ""1887x6 1888x1""}"
P-07BC-0_DI-89,46,MD-2_M-8_MI-7,MD-2_M-8,,1887x7 1888x1,"{""Id"": ""MD-2_M-8_MI-7"", ""RefId"": ""MD-2_M-8"", ""RepeatIndex"": ""1887x7 1888x1""}"
P-07BC-0_DI-89,46,MD-2_M-8_MI-8,MD-2_M-8,,1887x8 1888x1,"{""Id"": ""MD-2_M-8_MI-8"", ""RefId"": ""MD-2_M-8"", ""RepeatIndex"": ""1887x8 1888x1""}"
P-07BC-0_DI-89,46,MD-2_M-8_MI-9,MD-2_M-8,,1887x9 1888x1,"{""Id"": ""MD-2_M-8_MI-9"", ""RefId"": ""MD-2_M-8"", ""RepeatIndex"": ""1887x9 1888x1""}"
P-07BC-0_DI-90,47,MD-1_M-9_MI-1,MD-1_M-9,,1859x1 1860x1,"{""Id"": ""MD-1_M-9_MI-1"", ""RefId"": ""MD-1_M-9"", ""RepeatIndex"": ""1859x1 1860x1""}"
P-07BC-0_DI-90,47,MD-1_M-9_MI-2,MD-1_M-9,,1859x2 1860x1,"{""Id"": ""MD-1_M-9_MI-2"", ""RefId"": ""MD-1_M-9"", ""RepeatIndex"": ""1859x2 1860x1""}"
P-07BC-0_DI-90,47,MD-1_M-9_MI-3,MD-1_M-9,,1859x3 1860x1,"{""Id"": ""MD-1_M-9_MI-3"", ""RefId"": ""MD-1_M-9"", ""RepeatIndex"": ""1859x3 1860x1""}"
P-07BC-0_DI-90,47,MD-2_M-8_MI-1,MD-2_M-8,,1887x1 1888x1,"{""Id"": ""MD-2_M-8_MI-1"", ""RefId"": ""MD-2_M-8"", ""RepeatIndex"": ""1887x1 1888x1""}"
P-07BC-0_DI-90,47,MD-2_M-8_MI-10,MD-2_M-8,,1887x10 1888x1,"{""Id"": ""MD-2_M-8_MI-10"", ""RefId"": ""MD-2_M-8"", ""RepeatIndex"": ""1887x10 1888x1""}"
P-07BC-0_DI-90,47,MD-2_M-8_MI-11,MD-2_M-8,,1887x11 1888x1,"{""Id"": ""MD-2_M-8_MI-11"", ""RefId"": ""MD-2_M-8"", ""RepeatIndex"": ""1887x11 1888x1""}"
P-07BC-0_DI-90,47,MD-2_M-8_MI-12,MD-2_M-8,,1887x12 1888x1,"{""Id"": ""MD-2_M-8_MI-12"", ""RefId"": ""MD-2_M-8"", ""RepeatIndex"": ""1887x12 1888x1""}"
P-07BC-0_DI-90,47,MD-2_M-8_MI-13,MD-2_M-8,,1887x13 1888x1,"{""Id"": ""MD-2_M-8_MI-13"", ""RefId"": ""MD-2_M-8"", ""RepeatIndex"": ""1887x13 1888x1""}"
P-07BC-0_DI-90,47,MD-2_M-8_MI-14,MD-2_M-8,,1887x14 1888x1,"{""Id"": ""MD-2_M-8_MI-14"", ""RefId"": ""MD-2_M-8"", ""RepeatIndex"": ""1887x14 1888x1""}"
P-07BC-0_DI-90,47,MD-2_M-8_MI-15,MD-2_M-8,,1887x15 1888x1,"{""Id"": ""MD-2_M-8_MI-15"", ""RefId"": ""MD-2_M-8"", ""RepeatIndex"": ""1887x15 1888x1""}"
P-07BC-0_DI-90,47,MD-2_M-8_MI-2,MD-2_M-8,,1887x2 1888x1,"{""Id"": ""MD-2_M-8_MI-2"", ""RefId"": ""MD-2_M-8"", ""RepeatIndex"": ""1887x2 1888x1""}"
P-07BC-0_DI-90,47,MD-2_M-8_MI-3,MD-2_M-8,,1887x3 1888x1,"{""Id"": ""MD-2_M-8_MI-3"", ""RefId"": ""MD-2_M-8"", ""RepeatIndex"": ""1887x3 1888x1""}"
P-07BC-0_DI-90,47,MD-2_M-8_MI-4,MD-2_M-8,,1887x4 1888x1,"{""Id"": ""MD-2_M-8_MI-4"", ""RefId"": ""MD-2_M-8"", ""RepeatIndex"": ""1887x4 1888x1""}"
P-07BC-0_DI-90,47,MD-2_M-8_MI-5,MD-2_M-8,,1887x5 1888x1,"{""Id"": ""MD-2_M-8_MI-5"", ""RefId"": ""MD-2_M-8"", ""RepeatIndex"": ""1887x5 1888x1""}"
P-07BC-0_DI-90,47,MD-2_M-8_MI-6,MD-2_M-8,,1887x6 1888x1,"{""Id"": ""MD-2_M-8_MI-6"", ""RefId"": ""MD-2_M-8"", ""RepeatIndex"": ""1887x6 1888x1""}"
P-07BC-0_DI-90,47,MD-2_M-8_MI-7,MD-2_M-8,,1887x7 1888x1,"{""Id"": ""MD-2_M-8_MI-7"", ""RefId"": ""MD-2_M-8"", ""RepeatIndex"": ""1887x7 1888x1""}"
P-07BC-0_DI-90,47,MD-2_M-8_MI-8,MD-2_M-8,,1887x8 1888x1,"{""Id"": ""MD-2_M-8_MI-8"", ""RefId"": ""MD-2_M-8"", ""RepeatIndex"": ""1887x8 1888x1""}"
P-07BC-0_DI-90,47,MD-2_M-8_MI-9,MD-2_M-8,,1887x9 1888x1,"{""Id"": ""MD-2_M-8_MI-9"", ""RefId"": ""MD-2_M-8"", ""RepeatIndex"": ""1887x9 1888x1""}"
P-07BC-0_DI-91,48,MD-1_M-9_MI-1,MD-1_M-9,,1859x1 1860x1,"{""Id"": ""MD-1_M-9_MI-1"", ""RefId"": ""MD-1_M-9"", ""RepeatIndex"": ""1859x1 1860x1""}"
P-07BC-0_DI-91,48,MD-1_M-9_MI-2,MD-1_M-9,,1859x2 1860x1,"{""Id"": ""MD-1_M-9_MI-2"", ""RefId"": ""MD-1_M-9"", ""RepeatIndex"": ""1859x2 1860x1""}"
P-07BC-0_DI-91,48,MD-1_M-9_MI-3,MD-1_M-9,,1859x3 1860x1,"{""Id"": ""MD-1_M-9_MI-3"", ""RefId"": ""MD-1_M-9"", ""RepeatIndex"": ""1859x3 1860x1""}"
P-07BC-0_DI-91,48,MD-1_M-9_MI-4,MD-1_M-9,,1859x4 1860x1,"{""Id"": ""MD-1_M-9_MI-4"", ""RefId"": ""MD-1_M-9"", ""RepeatIndex"": ""1859x4 1860x1""}"
P-07BC-0_DI-91,48,MD-1_M-9_MI-5,MD-1_M-9,,1859x5 1860x1,"{""Id"": ""MD-1_M-9_MI-5"", ""RefId"": ""MD-1_M-9"", ""RepeatIndex"": ""1859x5 1860x1""}"
P-07BC-0_DI-91,48,MD-2_M-8_MI-1,MD-2_M-8,,1887x1 1888x1,"{""Id"": ""MD-2_M-8_MI-1"", ""RefId"": ""MD-2_M-8"", ""RepeatIndex"": ""1887x1 1888x1""}"
P-07BC-0_DI-91,48,MD-2_M-8_MI-10,MD-2_M-8,,1887x10 1888x1,"{""Id"": ""MD-2_M-8_MI-10"", ""RefId"": ""MD-2_M-8"", ""RepeatIndex"": ""1887x10 1888x1""}"
P-07BC-0_DI-91,48,MD-2_M-8_MI-11,MD-2_M-8,,1887x11 1888x1,"{""Id"": ""MD-2_M-8_MI-11"", ""RefId"": ""MD-2_M-8"", ""RepeatIndex"": ""1887x11 1888x1""}"
P-07BC-0_DI-91,48,MD-2_M-8_MI-12,MD-2_M-8,,1887x12 1888x1,"{""Id"": ""MD-2_M-8_MI-12"", ""RefId"": ""MD-2_M-8"", ""RepeatIndex"": ""1887x12 1888x1""}"
P-07BC-0_DI-91,48,MD-2_M-8_MI-13,MD-2_M-8,,1887x13 1888x1,"{""Id"": ""MD-2_M-8_MI-13"", ""RefId"": ""MD-2_M-8"", ""RepeatIndex"": ""1887x13 1888x1""}"
P-07BC-0_DI-91,48,MD-2_M-8_MI-14,MD-2_M-8,,1887x14 1888x1,"{""Id"": ""MD-2_M-8_MI-14"", ""RefId"": ""MD-2_M-8"", ""RepeatIndex"": ""1887x14 1888x1""}"
P-07BC-0_DI-91,48,MD-2_M-8_MI-15,MD-2_M-8,,1887x15 1888x1,"{""Id"": ""MD-2_M-8_MI-15"", ""RefId"": ""MD-2_M-8"", ""RepeatIndex"": ""1887x15 1888x1""}"
P-07BC-0_DI-91,48,MD-2_M-8_MI-16,MD-2_M-8,,1887x16 1888x1,"{""Id"": ""MD-2_M-8_MI-16"", ""RefId"": ""MD-2_M-8"", ""RepeatIndex"": ""1887x16 1888x1""}"
P-07BC-0_DI-91,48,MD-2_M-8_MI-17,MD-2_M-8,,1887x17 1888x1,"{""Id"": ""MD-2_M-8_MI-17"", ""RefId"": ""MD-2_M-8"", ""RepeatIndex"": ""1887x17 1888x1""}"
P-07BC-0_DI-91,48,MD-2_M-8_MI-18,MD-2_M-8,,1887x18 1888x1,"{""Id"": ""MD-2_M-8_MI-18"", ""RefId"": ""MD-2_M-8"", ""RepeatIndex"": ""1887x18 1888x1""}"
P-07BC-0_DI-91,48,MD-2_M-8_MI-19,MD-2_M-8,,1887x19 1888x1,"{""Id"": ""MD-2_M-8_MI-19"", ""RefId"": ""MD-2_M-8"", ""RepeatIndex"": ""1887x19 1888x1""}"
P-07BC-0_DI-91,48,MD-2_M-8_MI-2,MD-2_M-8,,1887x2 1888x1,"{""Id"": ""MD-2_M-8_MI-2"", ""RefId"": ""MD-2_M-8"", ""RepeatIndex"": ""1887x2 1888x1""}"
P-07BC-0_DI-91,48,MD-2_M-8_MI-20,MD-2_M-8,,1887x20 1888x1,"{""Id"": ""MD-2_M-8_MI-20"", ""RefId"": ""MD-2_M-8"", ""RepeatIndex"": ""1887x20 1888x1""}"
P-07BC-0_DI-91,48,MD-2_M-8_MI-21,MD-2_M-8,,1887x21 1888x1,"{""Id"": ""MD-2_M-8_MI-21"", ""RefId"": ""MD-2_M-8"", ""RepeatIndex"": ""1887x21 1888x1""}"
P-07BC-0_DI-91,48,MD-2_M-8_MI-22,MD-2_M-8,,1887x22 1888x1,"{""Id"": ""MD-2_M-8_MI-22"", ""RefId"": ""MD-2_M-8"", ""RepeatIndex"": ""1887x22 1888x1""}"
P-07BC-0_DI-91,48,MD-2_M-8_MI-23,MD-2_M-8,,1887x23 1888x1,"{""Id"": ""MD-2_M-8_MI-23"", ""RefId"": ""MD-2_M-8"", ""RepeatIndex"": ""1887x23 1888x1""}"
P-07BC-0_DI-91,48,MD-2_M-8_MI-24,MD-2_M-8,,1887x24 1888x1,"{""Id"": ""MD-2_M-8_MI-24"", ""RefId"": ""MD-2_M-8"", ""RepeatIndex"": ""1887x24 1888x1""}"
P-07BC-0_DI-91,48,MD-2_M-8_MI-25,MD-2_M-8,,1887x25 1888x1,"{""Id"": ""MD-2_M-8_MI-25"", ""RefId"": ""MD-2_M-8"", ""RepeatIndex"": ""1887x25 1888x1""}"
P-07BC-0_DI-91,48,MD-2_M-8_MI-26,MD-2_M-8,,1887x26 1888x1,"{""Id"": ""MD-2_M-8_MI-26"", ""RefId"": ""MD-2_M-8"", ""RepeatIndex"": ""1887x26 1888x1""}"
P-07BC-0_DI-91,48,MD-2_M-8_MI-27,MD-2_M-8,,1887x27 1888x1,"{""Id"": ""MD-2_M-8_MI-27"", ""RefId"": ""MD-2_M-8"", ""RepeatIndex"": ""1887x27 1888x1""}"
P-07BC-0_DI-91,48,MD-2_M-8_MI-28,MD-2_M-8,,1887x28 1888x1,"{""Id"": ""MD-2_M-8_MI-28"", ""RefId"": ""MD-2_M-8"", ""RepeatIndex"": ""1887x28 1888x1""}"
P-07BC-0_DI-91,48,MD-2_M-8_MI-29,MD-2_M-8,,1887x29 1888x1,"{""Id"": ""MD-2_M-8_MI-29"", ""RefId"": ""MD-2_M-8"", ""RepeatIndex"": ""1887x29 1888x1""}"
P-07BC-0_DI-91,48,MD-2_M-8_MI-3,MD-2_M-8,,1887x3 1888x1,"{""Id"": ""MD-2_M-8_MI-3"", ""RefId"": ""MD-2_M-8"", ""RepeatIndex"": ""1887x3 1888x1""}"
P-07BC-0_DI-91,48,MD-2_M-8_MI-30,MD-2_M-8,,1887x30 1888x1,"{""Id"": ""MD-2_M-8_MI-30"", ""RefId"": ""MD-2_M-8"", ""RepeatIndex"": ""1887x30 1888x1""}"
P-07BC-0_DI-91,48,MD-2_M-8_MI-31,MD-2_M-8,,1887x31 1888x1,"{""Id"": ""MD-2_M-8_MI-31"", ""RefId"": ""MD-2_M-8"", ""RepeatIndex"": ""1887x31 1888x1""}"
P-07BC-0_DI-91,48,MD-2_M-8_MI-32,MD-2_M-8,,1887x32 1888x1,"{""Id"": ""MD-2_M-8_MI-32"", ""RefId"": ""MD-2_M-8"", ""RepeatIndex"": ""1887x32 1888x1""}"
P-07BC-0_DI-91,48,MD-2_M-8_MI-33,MD-2_M-8,,1887x33 1888x1,"{""Id"": ""MD-2_M-8_MI-33"", ""RefId"": ""MD-2_M-8"", ""RepeatIndex"": ""1887x33 1888x1""}"
P-07BC-0_DI-91,48,MD-2_M-8_MI-34,MD-2_M-8,,1887x34 1888x1,"{""Id"": ""MD-2_M-8_MI-34"", ""RefId"": ""MD-2_M-8"", ""RepeatIndex"": ""1887x34 1888x1""}"
P-07BC-0_DI-91,48,MD-2_M-8_MI-35,MD-2_M-8,,1887x35 1888x1,"{""Id"": ""MD-2_M-8_MI-35"", ""RefId"": ""MD-2_M-8"", ""RepeatIndex"": ""1887x35 1888x1""}"
P-07BC-0_DI-91,48,MD-2_M-8_MI-36,MD-2_M-8,,1887x36 1888x1,"{""Id"": ""MD-2_M-8_MI-36"", ""RefId"": ""MD-2_M-8"", ""RepeatIndex"": ""1887x36 1888x1""}"
P-07BC-0_DI-91,48,MD-2_M-8_MI-37,MD-2_M-8,,1887x37 1888x1,"{""Id"": ""MD-2_M-8_MI-37"", ""RefId"": ""MD-2_M-8"", ""RepeatIndex"": ""1887x37 1888x1""}"
P-07BC-0_DI-91,48,MD-2_M-8_MI-38,MD-2_M-8,,1887x38 1888x1,"{""Id"": ""MD-2_M-8_MI-38"", ""RefId"": ""MD-2_M-8"", ""RepeatIndex"": ""1887x38 1888x1""}"
P-07BC-0_DI-91,48,MD-2_M-8_MI-39,MD-2_M-8,,1887x39 1888x1,"{""Id"": ""MD-2_M-8_MI-39"", ""RefId"": ""MD-2_M-8"", ""RepeatIndex"": ""1887x39 1888x1""}"
P-07BC-0_DI-91,48,MD-2_M-8_MI-4,MD-2_M-8,,1887x4 1888x1,"{""Id"": ""MD-2_M-8_MI-4"", ""RefId"": ""MD-2_M-8"", ""RepeatIndex"": ""1887x4 1888x1""}"
P-07BC-0_DI-91,48,MD-2_M-8_MI-40,MD-2_M-8,,1887x40 1888x1,"{""Id"": ""MD-2_M-8_MI-40"", ""RefId"": ""MD-2_M-8"", ""RepeatIndex"": ""1887x40 1888x1""}"
P-07BC-0_DI-91,48,MD-2_M-8_MI-41,MD-2_M-8,,1887x41 1888x1,"{""Id"": ""MD-2_M-8_MI-41"", ""RefId"": ""MD-2_M-8"", ""RepeatIndex"": ""1887x41 1888x1""}"
P-07BC-0_DI-91,48,MD-2_M-8_MI-42,MD-2_M-8,,1887x42 1888x1,"{""Id"": ""MD-2_M-8_MI-42"", ""RefId"": ""MD-2_M-8"", ""RepeatIndex"": ""1887x42 1888x1""}"
P-07BC-0_DI-91,48,MD-2_M-8_MI-43,MD-2_M-8,,1887x43 1888x1,"{""Id"": ""MD-2_M-8_MI-43"", ""RefId"": ""MD-2_M-8"", ""RepeatIndex"": ""1887x43 1888x1""}"
P-07BC-0_DI-91,48,MD-2_M-8_MI-44,MD-2_M-8,,1887x44 1888x1,"{""Id"": ""MD-2_M-8_MI-44"", ""RefId"": ""MD-2_M-8"", ""RepeatIndex"": ""1887x44 1888x1""}"
P-07BC-0_DI-91,48,MD-2_M-8_MI-45,MD-2_M-8,,1887x45 1888x1,"{""Id"": ""MD-2_M-8_MI-45"", ""RefId"": ""MD-2_M-8"", ""RepeatIndex"": ""1887x45 1888x1""}"
P-07BC-0_DI-91,48,MD-2_M-8_MI-46,MD-2_M-8,,1887x46 1888x1,"{""Id"": ""MD-2_M-8_MI-46"", ""RefId"": ""MD-2_M-8"", ""RepeatIndex"": ""1887x46 1888x1""}"
P-07BC-0_DI-91,48,MD-2_M-8_MI-47,MD-2_M-8,,1887x47 1888x1,"{""Id"": ""MD-2_M-8_MI-47"", ""RefId"": ""MD-2_M-8"", ""RepeatIndex"": ""1887x47 1888x1""}"
P-07BC-0_DI-91,48,MD-2_M-8_MI-48,MD-2_M-8,,1887x48 1888x1,"{""Id"": ""MD-2_M-8_MI-48"", ""RefId"": ""MD-2_M-8"", ""RepeatIndex"": ""1887x48 1888x1""}"
P-07BC-0_DI-91,48,MD-2_M-8_MI-49,MD-2_M-8,,1887x49 1888x1,"{""Id"": ""MD-2_M-8_MI-49"", ""RefId"": ""MD-2_M-8"", ""RepeatIndex"": ""1887x49 1888x1""}"
P-07BC-0_DI-91,48,MD-2_M-8_MI-5,MD-2_M-8,,1887x5 1888x1,"{""Id"": ""MD-2_M-8_MI-5"", ""RefId"": ""MD-2_M-8"", ""RepeatIndex"": ""1887x5 1888x1""}"
P-07BC-0_DI-91,48,MD-2_M-8_MI-50,MD-2_M-8,,1887x50 1888x1,"{""Id"": ""MD-2_M-8_MI-50"", ""RefId"": ""MD-2_M-8"", ""RepeatIndex"": ""1887x50 1888x1""}"
P-07BC-0_DI-91,48,MD-2_M-8_MI-51,MD-2_M-8,,1887x51 1888x1,"{""Id"": ""MD-2_M-8_MI-51"", ""RefId"": ""MD-2_M-8"", ""RepeatIndex"": ""1887x51 1888x1""}"
P-07BC-0_DI-91,48,MD-2_M-8_MI-52,MD-2_M-8,,1887x52 1888x1,"{""Id"": ""MD-2_M-8_MI-52"", ""RefId"": ""MD-2_M-8"", ""RepeatIndex"": ""1887x52 1888x1""}"
P-07BC-0_DI-91,48,MD-2_M-8_MI-53,MD-2_M-8,,1887x53 1888x1,"{""Id"": ""MD-2_M-8_MI-53"", ""RefId"": ""MD-2_M-8"", ""RepeatIndex"": ""1887x53 1888x1""}"
P-07BC-0_DI-91,48,MD-2_M-8_MI-54,MD-2_M-8,,1887x54 1888x1,"{""Id"": ""MD-2_M-8_MI-54"", ""RefId"": ""MD-2_M-8"", ""RepeatIndex"": ""1887x54 1888x1""}"
P-07BC-0_DI-91,48,MD-2_M-8_MI-55,MD-2_M-8,,1887x55 1888x1,"{""Id"": ""MD-2_M-8_MI-55"", ""RefId"": ""MD-2_M-8"", ""RepeatIndex"": ""1887x55 1888x1""}"
P-07BC-0_DI-91,48,MD-2_M-8_MI-56,MD-2_M-8,,1887x56 1888x1,"{""Id"": ""MD-2_M-8_MI-56"", ""RefId"": ""MD-2_M-8"", ""RepeatIndex"": ""1887x56 1888x1""}"
P-07BC-0_DI-91,48,MD-2_M-8_MI-6,MD-2_M-8,,1887x6 1888x1,"{""Id"": ""MD-2_M-8_MI-6"", ""RefId"": ""MD-2_M-8"", ""RepeatIndex"": ""1887x6 1888x1""}"
P-07BC-0_DI-91,48,MD-2_M-8_MI-7,MD-2_M-8,,1887x7 1888x1,"{""Id"": ""MD-2_M-8_MI-7"", ""RefId"": ""MD-2_M-8"", ""RepeatIndex"": ""1887x7 1888x1""}"
P-07BC-0_DI-91,48,MD-2_M-8_MI-8,MD-2_M-8,,1887x8 1888x1,"{""Id"": ""MD-2_M-8_MI-8"", ""RefId"": ""MD-2_M-8"", ""RepeatIndex"": ""1887x8 1888x1""}"
P-07BC-0_DI-91,48,MD-2_M-8_MI-9,MD-2_M-8,,1887x9 1888x1,"{""Id"": ""MD-2_M-8_MI-9"", ""RefId"": ""MD-2_M-8"", ""RepeatIndex"": ""1887x9 1888x1""}"
P-07BC-0_DI-92,49,MD-1_M-9_MI-1,MD-1_M-9,,1859x1 1860x1,"{""Id"": ""MD-1_M-9_MI-1"", ""RefId"": ""MD-1_M-9"", ""RepeatIndex"": ""1859x1 1860x1""}"
P-07BC-0_DI-92,49,MD-1_M-9_MI-2,MD-1_M-9,,1859x2 1860x1,"{""Id"": ""MD-1_M-9_MI-2"", ""RefId"": ""MD-1_M-9"", ""RepeatIndex"": ""1859x2 1860x1""}"
P-07BC-0_DI-92,49,MD-1_M-9_MI-3,MD-1_M-9,,1859x3 1860x1,"{""Id"": ""MD-1_M-9_MI-3"", ""RefId"": ""MD-1_M-9"", ""RepeatIndex"": ""1859x3 1860x1""}"
P-07BC-0_DI-92,49,MD-1_M-9_MI-4,MD-1_M-9,,1859x4 1860x1,"{""Id"": ""MD-1_M-9_MI-4"", ""RefId"": ""MD-1_M-9"", ""RepeatIndex"": ""1859x4 1860x1""}"
P-07BC-0_DI-92,49,MD-1_M-9_MI-5,MD-1_M-9,,1859x5 1860x1,"{""Id"": ""MD-1_M-9_MI-5"", ""RefId"": ""MD-1_M-9"", ""RepeatIndex"": ""1859x5 1860x1""}"
P-07BC-0_DI-92,49,MD-2_M-8_MI-1,MD-2_M-8,,1887x1 1888x1,"{""Id"": ""MD-2_M-8_MI-1"", ""RefId"": ""MD-2_M-8"", ""RepeatIndex"": ""1887x1 1888x1""}"
P-07BC-0_DI-92,49,MD-2_M-8_MI-10,MD-2_M-8,,1887x10 1888x1,"{""Id"": ""MD-2_M-8_MI-10"", ""RefId"": ""MD-2_M-8"", ""RepeatIndex"": ""1887x10 1888x1""}"
P-07BC-0_DI-92,49,MD-2_M-8_MI-11,MD-2_M-8,,1887x11 1888x1,"{""Id"": ""MD-2_M-8_MI-11"", ""RefId"": ""MD-2_M-8"", ""RepeatIndex"": ""1887x11 1888x1""}"
P-07BC-0_DI-92,49,MD-2_M-8_MI-12,MD-2_M-8,,1887x12 1888x1,"{""Id"": ""MD-2_M-8_MI-12"", ""RefId"": ""MD-2_M-8"", ""RepeatIndex"": ""1887x12 1888x1""}"
P-07BC-0_DI-92,49,MD-2_M-8_MI-13,MD-2_M-8,,1887x13 1888x1,"{""Id"": ""MD-2_M-8_MI-13"", ""RefId"": ""MD-2_M-8"", ""RepeatIndex"": ""1887x13 1888x1""}"
P-07BC-0_DI-92,49,MD-2_M-8_MI-14,MD-2_M-8,,1887x14 1888x1,"{""Id"": ""MD-2_M-8_MI-14"", ""RefId"": ""MD-2_M-8"", ""RepeatIndex"": ""1887x14 1888x1""}"
P-07BC-0_DI-92,49,MD-2_M-8_MI-15,MD-2_M-8,,1887x15 1888x1,"{""Id"": ""MD-2_M-8_MI-15"", ""RefId"": ""MD-2_M-8"", ""RepeatIndex"": ""1887x15 1888x1""}"
P-07BC-0_DI-92,49,MD-2_M-8_MI-16,MD-2_M-8,,1887x16 1888x1,"{""Id"": ""MD-2_M-8_MI-16"", ""RefId"": ""MD-2_M-8"", ""RepeatIndex"": ""1887x16 1888x1""}"
P-07BC-0_DI-92,49,MD-2_M-8_MI-17,MD-2_M-8,,1887x17 1888x1,"{""Id"": ""MD-2_M-8_MI-17"", ""RefId"": ""MD-2_M-8"", ""RepeatIndex"": ""1887x17 1888x1""}"
P-07BC-0_DI-92,49,MD-2_M-8_MI-18,MD-2_M-8,,1887x18 1888x1,"{""Id"": ""MD-2_M-8_MI-18"", ""RefId"": ""MD-2_M-8"", ""RepeatIndex"": ""1887x18 1888x1""}"
P-07BC-0_DI-92,49,MD-2_M-8_MI-19,MD-2_M-8,,1887x19 1888x1,"{""Id"": ""MD-2_M-8_MI-19"", ""RefId"": ""MD-2_M-8"", ""RepeatIndex"": ""1887x19 1888x1""}"
P-07BC-0_DI-92,49,MD-2_M-8_MI-2,MD-2_M-8,,1887x2 1888x1,"{""Id"": ""MD-2_M-8_MI-2"", ""RefId"": ""MD-2_M-8"", ""RepeatIndex"": ""1887x2 1888x1""}"
P-07BC-0_DI-92,49,MD-2_M-8_MI-20,MD-2_M-8,,1887x20 1888x1,"{""Id"": ""MD-2_M-8_MI-20"", ""RefId"": ""MD-2_M-8"", ""RepeatIndex"": ""1887x20 1888x1""}"
P-07BC-0_DI-92,49,MD-2_M-8_MI-21,MD-2_M-8,,1887x21 1888x1,"{""Id"": ""MD-2_M-8_MI-21"", ""RefId"": ""MD-2_M-8"", ""RepeatIndex"": ""1887x21 1888x1""}"
P-07BC-0_DI-92,49,MD-2_M-8_MI-22,MD-2_M-8,,1887x22 1888x1,"{""Id"": ""MD-2_M-8_MI-22"", ""RefId"": ""MD-2_M-8"", ""RepeatIndex"": ""1887x22 1888x1""}"
P-07BC-0_DI-92,49,MD-2_M-8_MI-23,MD-2_M-8,,1887x23 1888x1,"{""Id"": ""MD-2_M-8_MI-23"", ""RefId"": ""MD-2_M-8"", ""RepeatIndex"": ""1887x23 1888x1""}"
P-07BC-0_DI-92,49,MD-2_M-8_MI-24,MD-2_M-8,,1887x24 1888x1,"{""Id"": ""MD-2_M-8_MI-24"", ""RefId"": ""MD-2_M-8"", ""RepeatIndex"": ""1887x24 1888x1""}"
P-07BC-0_DI-92,49,MD-2_M-8_MI-25,MD-2_M-8,,1887x25 1888x1,"{""Id"": ""MD-2_M-8_MI-25"", ""RefId"": ""MD-2_M-8"", ""RepeatIndex"": ""1887x25 1888x1""}"
P-07BC-0_DI-92,49,MD-2_M-8_MI-26,MD-2_M-8,,1887x26 1888x1,"{""Id"": ""MD-2_M-8_MI-26"", ""RefId"": ""MD-2_M-8"", ""RepeatIndex"": ""1887x26 1888x1""}"
P-07BC-0_DI-92,49,MD-2_M-8_MI-27,MD-2_M-8,,1887x27 1888x1,"{""Id"": ""MD-2_M-8_MI-27"", ""RefId"": ""MD-2_M-8"", ""RepeatIndex"": ""1887x27 1888x1""}"
P-07BC-0_DI-92,49,MD-2_M-8_MI-28,MD-2_M-8,,1887x28 1888x1,"{""Id"": ""MD-2_M-8_MI-28"", ""RefId"": ""MD-2_M-8"", ""RepeatIndex"": ""1887x28 1888x1""}"
P-07BC-0_DI-92,49,MD-2_M-8_MI-29,MD-2_M-8,,1887x29 1888x1,"{""Id"": ""MD-2_M-8_MI-29"", ""RefId"": ""MD-2_M-8"", ""RepeatIndex"": ""1887x29 1888x1""}"
P-07BC-0_DI-92,49,MD-2_M-8_MI-3,MD-2_M-8,,1887x3 1888x1,"{""Id"": ""MD-2_M-8_MI-3"", ""RefId"": ""MD-2_M-8"", ""RepeatIndex"": ""1887x3 1888x1""}"
P-07BC-0_DI-92,49,MD-2_M-8_MI-30,MD-2_M-8,,1887x30 1888x1,"{""Id"": ""MD-2_M-8_MI-30"", ""RefId"": ""MD-2_M-8"", ""RepeatIndex"": ""1887x30 1888x1""}"
P-07BC-0_DI-92,49,MD-2_M-8_MI-31,MD-2_M-8,,1887x31 1888x1,"{""Id"": ""MD-2_M-8_MI-31"", ""RefId"": ""MD-2_M-8"", ""RepeatIndex"": ""1887x31 1888x1""}"
P-07BC-0_DI-92,49,MD-2_M-8_MI-32,MD-2_M-8,,1887x32 1888x1,"{""Id"": ""MD-2_M-8_MI-32"", ""RefId"": ""MD-2_M-8"", ""RepeatIndex"": ""1887x32 1888x1""}"
P-07BC-0_DI-92,49,MD-2_M-8_MI-33,MD-2_M-8,,1887x33 1888x1,"{""Id"": ""MD-2_M-8_MI-33"", ""RefId"": ""MD-2_M-8"", ""RepeatIndex"": ""1887x33 1888x1""}"
P-07BC-0_DI-92,49,MD-2_M-8_MI-34,MD-2_M-8,,1887x34 1888x1,"{""Id"": ""MD-2_M-8_MI-34"", ""RefId"": ""MD-2_M-8"", ""RepeatIndex"": ""1887x34 1888x1""}"
P-07BC-0_DI-92,49,MD-2_M-8_MI-35,MD-2_M-8,,1887x35 1888x1,"{""Id"": ""MD-2_M-8_MI-35"", ""RefId"": ""MD-2_M-8"", ""RepeatIndex"": ""1887x35 1888x1""}"
P-07BC-0_DI-92,49,MD-2_M-8_MI-36,MD-2_M-8,,1887x36 1888x1,"{""Id"": ""MD-2_M-8_MI-36"", ""RefId"": ""MD-2_M-8"", ""RepeatIndex"": ""1887x36 1888x1""}"
P-07BC-0_DI-92,49,MD-2_M-8_MI-37,MD-2_M-8,,1887x37 1888x1,"{""Id"": ""MD-2_M-8_MI-37"", ""RefId"": ""MD-2_M-8"", ""RepeatIndex"": ""1887x37 1888x1""}"
P-07BC-0_DI-92,49,MD-2_M-8_MI-38,MD-2_M-8,,1887x38 1888x1,"{""Id"": ""MD-2_M-8_MI-38"", ""RefId"": ""MD-2_M-8"", ""RepeatIndex"": ""1887x38 1888x1""}"
P-07BC-0_DI-92,49,MD-2_M-8_MI-39,MD-2_M-8,,1887x39 1888x1,"{""Id"": ""MD-2_M-8_MI-39"", ""RefId"": ""MD-2_M-8"", ""RepeatIndex"": ""1887x39 1888x1""}"
P-07BC-0_DI-92,49,MD-2_M-8_MI-4,MD-2_M-8,,1887x4 1888x1,"{""Id"": ""MD-2_M-8_MI-4"", ""RefId"": ""MD-2_M-8"", ""RepeatIndex"": ""1887x4 1888x1""}"
P-07BC-0_DI-92,49,MD-2_M-8_MI-40,MD-2_M-8,,1887x40 1888x1,"{""Id"": ""MD-2_M-8_MI-40"", ""RefId"": ""MD-2_M-8"", ""RepeatIndex"": ""1887x40 1888x1""}"
P-07BC-0_DI-92,49,MD-2_M-8_MI-41,MD-2_M-8,,1887x41 1888x1,"{""Id"": ""MD-2_M-8_MI-41"", ""RefId"": ""MD-2_M-8"", ""RepeatIndex"": ""1887x41 1888x1""}"
P-07BC-0_DI-92,49,MD-2_M-8_MI-42,MD-2_M-8,,1887x42 1888x1,"{""Id"": ""MD-2_M-8_MI-42"", ""RefId"": ""MD-2_M-8"", ""RepeatIndex"": ""1887x42 1888x1""}"
P-07BC-0_DI-92,49,MD-2_M-8_MI-43,MD-2_M-8,,1887x43 1888x1,"{""Id"": ""MD-2_M-8_MI-43"", ""RefId"": ""MD-2_M-8"", ""RepeatIndex"": ""1887x43 1888x1""}"
P-07BC-0_DI-92,49,MD-2_M-8_MI-44,MD-2_M-8,,1887x44 1888x1,"{""Id"": ""MD-2_M-8_MI-44"", ""RefId"": ""MD-2_M-8"", ""RepeatIndex"": ""1887x44 1888x1""}"
P-07BC-0_DI-92,49,MD-2_M-8_MI-45,MD-2_M-8,,1887x45 1888x1,"{""Id"": ""MD-2_M-8_MI-45"", ""RefId"": ""MD-2_M-8"", ""RepeatIndex"": ""1887x45 1888x1""}"
P-07BC-0_DI-92,49,MD-2_M-8_MI-46,MD-2_M-8,,1887x46 1888x1,"{""Id"": ""MD-2_M-8_MI-46"", ""RefId"": ""MD-2_M-8"", ""RepeatIndex"": ""1887x46 1888x1""}"
P-07BC-0_DI-92,49,MD-2_M-8_MI-47,MD-2_M-8,,1887x47 1888x1,"{""Id"": ""MD-2_M-8_MI-47"", ""RefId"": ""MD-2_M-8"", ""RepeatIndex"": ""1887x47 1888x1""}"
P-07BC-0_DI-92,49,MD-2_M-8_MI-48,MD-2_M-8,,1887x48 1888x1,"{""Id"": ""MD-2_M-8_MI-48"", ""RefId"": ""MD-2_M-8"", ""RepeatIndex"": ""1887x48 1888x1""}"
P-07BC-0_DI-92,49,MD-2_M-8_MI-49,MD-2_M-8,,1887x49 1888x1,"{""Id"": ""MD-2_M-8_MI-49"", ""RefId"": ""MD-2_M-8"", ""RepeatIndex"": ""1887x49 1888x1""}"
P-07BC-0_DI-92,49,MD-2_M-8_MI-5,MD-2_M-8,,1887x5 1888x1,"{""Id"": ""MD-2_M-8_MI-5"", ""RefId"": ""MD-2_M-8"", ""RepeatIndex"": ""1887x5 1888x1""}"
P-07BC-0_DI-92,49,MD-2_M-8_MI-50,MD-2_M-8,,1887x50 1888x1,"{""Id"": ""MD-2_M-8_MI-50"", ""RefId"": ""MD-2_M-8"", ""RepeatIndex"": ""1887x50 1888x1""}"
P-07BC-0_DI-92,49,MD-2_M-8_MI-51,MD-2_M-8,,1887x51 1888x1,"{""Id"": ""MD-2_M-8_MI-51"", ""RefId"": ""MD-2_M-8"", ""RepeatIndex"": ""1887x51 1888x1""}"
P-07BC-0_DI-92,49,MD-2_M-8_MI-52,MD-2_M-8,,1887x52 1888x1,"{""Id"": ""MD-2_M-8_MI-52"", ""RefId"": ""MD-2_M-8"", ""RepeatIndex"": ""1887x52 1888x1""}"
P-07BC-0_DI-92,49,MD-2_M-8_MI-53,MD-2_M-8,,1887x53 1888x1,"{""Id"": ""MD-2_M-8_MI-53"", ""RefId"": ""MD-2_M-8"", ""RepeatIndex"": ""1887x53 1888x1""}"
P-07BC-0_DI-92,49,MD-2_M-8_MI-54,MD-2_M-8,,1887x54 1888x1,"{""Id"": ""MD-2_M-8_MI-54"", ""RefId"": ""MD-2_M-8"", ""RepeatIndex"": ""1887x54 1888x1""}"
P-07BC-0_DI-92,49,MD-2_M-8_MI-55,MD-2_M-8,,1887x55 1888x1,"{""Id"": ""MD-2_M-8_MI-55"", ""RefId"": ""MD-2_M-8"", ""RepeatIndex"": ""1887x55 1888x1""}"
P-07BC-0_DI-92,49,MD-2_M-8_MI-56,MD-2_M-8,,1887x56 1888x1,"{""Id"": ""MD-2_M-8_MI-56"", ""RefId"": ""MD-2_M-8"", ""RepeatIndex"": ""1887x56 1888x1""}"
P-07BC-0_DI-92,49,MD-2_M-8_MI-6,MD-2_M-8,,1887x6 1888x1,"{""Id"": ""MD-2_M-8_MI-6"", ""RefId"": ""MD-2_M-8"", ""RepeatIndex"": ""1887x6 1888x1""}"
P-07BC-0_DI-92,49,MD-2_M-8_MI-7,MD-2_M-8,,1887x7 1888x1,"{""Id"": ""MD-2_M-8_MI-7"", ""RefId"": ""MD-2_M-8"", ""RepeatIndex"": ""1887x7 1888x1""}"
P-07BC-0_DI-92,49,MD-2_M-8_MI-8,MD-2_M-8,,1887x8 1888x1,"{""Id"": ""MD-2_M-8_MI-8"", ""RefId"": ""MD-2_M-8"", ""RepeatIndex"": ""1887x8 1888x1""}"
P-07BC-0_DI-92,49,MD-2_M-8_MI-9,MD-2_M-8,,1887x9 1888x1,"{""Id"": ""MD-2_M-8_MI-9"", ""RefId"": ""MD-2_M-8"", ""RepeatIndex"": ""1887x9 1888x1""}"
P-07BC-0_DI-98,50,MD-1_M-9_MI-1,MD-1_M-9,,1859x1 1860x1,"{""Id"": ""MD-1_M-9_MI-1"", ""RefId"": ""MD-1_M-9"", ""RepeatIndex"": ""1859x1 1860x1""}"
P-07BC-0_DI-98,50,MD-1_M-9_MI-2,MD-1_M-9,,1859x2 1860x1,"{""Id"": ""MD-1_M-9_MI-2"", ""RefId"": ""MD-1_M-9"", ""RepeatIndex"": ""1859x2 1860x1""}"
P-07BC-0_DI-98,50,MD-1_M-9_MI-3,MD-1_M-9,,1859x3 1860x1,"{""Id"": ""MD-1_M-9_MI-3"", ""RefId"": ""MD-1_M-9"", ""RepeatIndex"": ""1859x3 1860x1""}"
P-07BC-0_DI-98,50,MD-1_M-9_MI-4,MD-1_M-9,,1859x4 1860x1,"{""Id"": ""MD-1_M-9_MI-4"", ""RefId"": ""MD-1_M-9"", ""RepeatIndex"": ""1859x4 1860x1""}"
P-07BC-0_DI-98,50,MD-2_M-8_MI-1,MD-2_M-8,,1887x1 1888x1,"{""Id"": ""MD-2_M-8_MI-1"", ""RefId"": ""MD-2_M-8"", ""RepeatIndex"": ""1887x1 1888x1""}"
P-07BC-0_DI-98,50,MD-2_M-8_MI-10,MD-2_M-8,,1887x10 1888x1,"{""Id"": ""MD-2_M-8_MI-10"", ""RefId"": ""MD-2_M-8"", ""RepeatIndex"": ""1887x10 1888x1""}"
P-07BC-0_DI-98,50,MD-2_M-8_MI-11,MD-2_M-8,,1887x11 1888x1,"{""Id"": ""MD-2_M-8_MI-11"", ""RefId"": ""MD-2_M-8"", ""RepeatIndex"": ""1887x11 1888x1""}"
P-07BC-0_DI-98,50,MD-2_M-8_MI-12,MD-2_M-8,,1887x12 1888x1,"{""Id"": ""MD-2_M-8_MI-12"", ""RefId"": ""MD-2_M-8"", ""RepeatIndex"": ""1887x12 1888x1""}"
P-07BC-0_DI-98,50,MD-2_M-8_MI-13,MD-2_M-8,,1887x13 1888x1,"{""Id"": ""MD-2_M-8_MI-13"", ""RefId"": ""MD-2_M-8"", ""RepeatIndex"": ""1887x13 1888x1""}"
P-07BC-0_DI-98,50,MD-2_M-8_MI-14,MD-2_M-8,,1887x14 1888x1,"{""Id"": ""MD-2_M-8_MI-14"", ""RefId"": ""MD-2_M-8"", ""RepeatIndex"": ""1887x14 1888x1""}"
P-07BC-0_DI-98,50,MD-2_M-8_MI-15,MD-2_M-8,,1887x15 1888x1,"{""Id"": ""MD-2_M-8_MI-15"", ""RefId"": ""MD-2_M-8"", ""RepeatIndex"": ""1887x15 1888x1""}"
P-07BC-0_DI-98,50,MD-2_M-8_MI-16,MD-2_M-8,,1887x16 1888x1,"{""Id"": ""MD-2_M-8_MI-16"", ""RefId"": ""MD-2_M-8"", ""RepeatIndex"": ""1887x16 1888x1""}"
P-07BC-0_DI-98,50,MD-2_M-8_MI-17,MD-2_M-8,,1887x17 1888x1,"{""Id"": ""MD-2_M-8_MI-17"", ""RefId"": ""MD-2_M-8"", ""RepeatIndex"": ""1887x17 1888x1""}"
P-07BC-0_DI-98,50,MD-2_M-8_MI-18,MD-2_M-8,,1887x18 1888x1,"{""Id"": ""MD-2_M-8_MI-18"", ""RefId"": ""MD-2_M-8"", ""RepeatIndex"": ""1887x18 1888x1""}"
P-07BC-0_DI-98,50,MD-2_M-8_MI-19,MD-2_M-8,,1887x19 1888x1,"{""Id"": ""MD-2_M-8_MI-19"", ""RefId"": ""MD-2_M-8"", ""RepeatIndex"": ""1887x19 1888x1""}"
P-07BC-0_DI-98,50,MD-2_M-8_MI-2,MD-2_M-8,,1887x2 1888x1,"{""Id"": ""MD-2_M-8_MI-2"", ""RefId"": ""MD-2_M-8"", ""RepeatIndex"": ""1887x2 1888x1""}"
P-07BC-0_DI-98,50,MD-2_M-8_MI-20,MD-2_M-8,,1887x20 1888x1,"{""Id"": ""MD-2_M-8_MI-20"", ""RefId"": ""MD-2_M-8"", ""RepeatIndex"": ""1887x20 1888x1""}"
P-07BC-0_DI-98,50,MD-2_M-8_MI-3,MD-2_M-8,,1887x3 1888x1,"{""Id"": ""MD-2_M-8_MI-3"", ""RefId"": ""MD-2_M-8"", ""RepeatIndex"": ""1887x3 1888x1""}"
P-07BC-0_DI-98,50,MD-2_M-8_MI-4,MD-2_M-8,,1887x4 1888x1,"{""Id"": ""MD-2_M-8_MI-4"", ""RefId"": ""MD-2_M-8"", ""RepeatIndex"": ""1887x4 1888x1""}"
P-07BC-0_DI-98,50,MD-2_M-8_MI-5,MD-2_M-8,,1887x5 1888x1,"{""Id"": ""MD-2_M-8_MI-5"", ""RefId"": ""MD-2_M-8"", ""RepeatIndex"": ""1887x5 1888x1""}"
P-07BC-0_DI-98,50,MD-2_M-8_MI-6,MD-2_M-8,,1887x6 1888x1,"{""Id"": ""MD-2_M-8_MI-6"", ""RefId"": ""MD-2_M-8"", ""RepeatIndex"": ""1887x6 1888x1""}"
P-07BC-0_DI-98,50,MD-2_M-8_MI-7,MD-2_M-8,,1887x7 1888x1,"{""Id"": ""MD-2_M-8_MI-7"", ""RefId"": ""MD-2_M-8"", ""RepeatIndex"": ""1887x7 1888x1""}"
P-07BC-0_DI-98,50,MD-2_M-8_MI-8,MD-2_M-8,,1887x8 1888x1,"{""Id"": ""MD-2_M-8_MI-8"", ""RefId"": ""MD-2_M-8"", ""RepeatIndex"": ""1887x8 1888x1""}"
P-07BC-0_DI-98,50,MD-2_M-8_MI-9,MD-2_M-8,,1887x9 1888x1,"{""Id"": ""MD-2_M-8_MI-9"", ""RefId"": ""MD-2_M-8"", ""RepeatIndex"": ""1887x9 1888x1""}"
P-07BC-0_DI-99,51,MD-1_M-1_MI-1,MD-1_M-1,,2092x1 2093x1,"{""Id"": ""MD-1_M-1_MI-1"", ""RefId"": ""MD-1_M-1"", ""RepeatIndex"": ""2092x1 2093x1""}"
P-07BC-0_DI-99,51,MD-1_M-1_MI-10,MD-1_M-1,,2092x10 2093x1,"{""Id"": ""MD-1_M-1_MI-10"", ""RefId"": ""MD-1_M-1"", ""RepeatIndex"": ""2092x10 2093x1""}"
P-07BC-0_DI-99,51,MD-1_M-1_MI-11,MD-1_M-1,,2092x11 2093x1,"{""Id"": ""MD-1_M-1_MI-11"", ""RefId"": ""MD-1_M-1"", ""RepeatIndex"": ""2092x11 2093x1""}"
P-07BC-0_DI-99,51,MD-1_M-1_MI-12,MD-1_M-1,,2092x12 2093x1,"{""Id"": ""MD-1_M-1_MI-12"", ""RefId"": ""MD-1_M-1"", ""RepeatIndex"": ""2092x12 2093x1""}"
P-07BC-0_DI-99,51,MD-1_M-1_MI-2,MD-1_M-1,,2092x2 2093x1,"{""Id"": ""MD-1_M-1_MI-2"", ""RefId"": ""MD-1_M-1"", ""RepeatIndex"": ""2092x2 2093x1""}"
P-07BC-0_DI-99,51,MD-1_M-1_MI-3,MD-1_M-1,,2092x3 2093x1,"{""Id"": ""MD-1_M-1_MI-3"", ""RefId"": ""MD-1_M-1"", ""RepeatIndex"": ""2092x3 2093x1""}"
P-07BC-0_DI-99,51,MD-1_M-1_MI-4,MD-1_M-1,,2092x4 2093x1,"{""Id"": ""MD-1_M-1_MI-4"", ""RefId"": ""MD-1_M-1"", ""RepeatIndex"": ""2092x4 2093x1""}"
P-07BC-0_DI-99,51,MD-1_M-1_MI-5,MD-1_M-1,,2092x5 2093x1,"{""Id"": ""MD-1_M-1_MI-5"", ""RefId"": ""MD-1_M-1"", ""RepeatIndex"": ""2092x5 2093x1""}"
P-07BC-0_DI-99,51,MD-1_M-1_MI-6,MD-1_M-1,,2092x6 2093x1,"{""Id"": ""MD-1_M-1_MI-6"", ""RefId"": ""MD-1_M-1"", ""RepeatIndex"": ""2092x6 2093x1""}"
P-07BC-0_DI-99,51,MD-1_M-1_MI-7,MD-1_M-1,,2092x7 2093x1,"{""Id"": ""MD-1_M-1_MI-7"", ""RefId"": ""MD-1_M-1"", ""RepeatIndex"": ""2092x7 2093x1""}"
P-07BC-0_DI-99,51,MD-1_M-1_MI-8,MD-1_M-1,,2092x8 2093x1,"{""Id"": ""MD-1_M-1_MI-8"", ""RefId"": ""MD-1_M-1"", ""RepeatIndex"": ""2092x8 2093x1""}"
P-07BC-0_DI-99,51,MD-1_M-1_MI-9,MD-1_M-1,,2092x9 2093x1,"{""Id"": ""MD-1_M-1_MI-9"", ""RefId"": ""MD-1_M-1"", ""RepeatIndex"": ""2092x9 2093x1""}"
P-07BC-0_DI-99,51,MD-2_M-2_MI-1,MD-2_M-2,,2238x1 2239x1,"{""Id"": ""MD-2_M-2_MI-1"", ""RefId"": ""MD-2_M-2"", ""RepeatIndex"": ""2238x1 2239x1""}"
P-07BC-0_DI-99,51,MD-2_M-2_MI-10,MD-2_M-2,,2238x10 2239x1,"{""Id"": ""MD-2_M-2_MI-10"", ""RefId"": ""MD-2_M-2"", ""RepeatIndex"": ""2238x10 2239x1""}"
P-07BC-0_DI-99,51,MD-2_M-2_MI-11,MD-2_M-2,,2238x11 2239x1,"{""Id"": ""MD-2_M-2_MI-11"", ""RefId"": ""MD-2_M-2"", ""RepeatIndex"": ""2238x11 2239x1""}"
P-07BC-0_DI-99,51,MD-2_M-2_MI-12,MD-2_M-2,,2238x12 2239x1,"{""Id"": ""MD-2_M-2_MI-12"", ""RefId"": ""MD-2_M-2"", ""RepeatIndex"": ""2238x12 2239x1""}"
P-07BC-0_DI-99,51,MD-2_M-2_MI-13,MD-2_M-2,,2238x13 2239x1,"{""Id"": ""MD-2_M-2_MI-13"", ""RefId"": ""MD-2_M-2"", ""RepeatIndex"": ""2238x13 2239x1""}"
P-07BC-0_DI-99,51,MD-2_M-2_MI-14,MD-2_M-2,,2238x14 2239x1,"{""Id"": ""MD-2_M-2_MI-14"", ""RefId"": ""MD-2_M-2"", ""RepeatIndex"": ""2238x14 2239x1""}"
P-07BC-0_DI-99,51,MD-2_M-2_MI-15,MD-2_M-2,,2238x15 2239x1,"{""Id"": ""MD-2_M-2_MI-15"", ""RefId"": ""MD-2_M-2"", ""RepeatIndex"": ""2238x15 2239x1""}"
P-07BC-0_DI-99,51,MD-2_M-2_MI-2,MD-2_M-2,,2238x2 2239x1,"{""Id"": ""MD-2_M-2_MI-2"", ""RefId"": ""MD-2_M-2"", ""RepeatIndex"": ""2238x2 2239x1""}"
P-07BC-0_DI-99,51,MD-2_M-2_MI-3,MD-2_M-2,,2238x3 2239x1,"{""Id"": ""MD-2_M-2_MI-3"", ""RefId"": ""MD-2_M-2"", ""RepeatIndex"": ""2238x3 2239x1""}"
P-07BC-0_DI-99,51,MD-2_M-2_MI-4,MD-2_M-2,,2238x4 2239x1,"{""Id"": ""MD-2_M-2_MI-4"", ""RefId"": ""MD-2_M-2"", ""RepeatIndex"": ""2238x4 2239x1""}"
P-07BC-0_DI-99,51,MD-2_M-2_MI-5,MD-2_M-2,,2238x5 2239x1,"{""Id"": ""MD-2_M-2_MI-5"", ""RefId"": ""MD-2_M-2"", ""RepeatIndex"": ""2238x5 2239x1""}"
P-07BC-0_DI-99,51,MD-2_M-2_MI-6,MD-2_M-2,,2238x6 2239x1,"{""Id"": ""MD-2_M-2_MI-6"", ""RefId"": ""MD-2_M-2"", ""RepeatIndex"": ""2238x6 2239x1""}"
P-07BC-0_DI-99,51,MD-2_M-2_MI-7,MD-2_M-2,,2238x7 2239x1,"{""Id"": ""MD-2_M-2_MI-7"", ""RefId"": ""MD-2_M-2"", ""RepeatIndex"": ""2238x7 2239x1""}"
P-07BC-0_DI-99,51,MD-2_M-2_MI-8,MD-2_M-2,,2238x8 2239x1,"{""Id"": ""MD-2_M-2_MI-8"", ""RefId"": ""MD-2_M-2"", ""RepeatIndex"": ""2238x8 2239x1""}"
P-07BC-0_DI-99,51,MD-2_M-2_MI-9,MD-2_M-2,,2238x9 2239x1,"{""Id"": ""MD-2_M-2_MI-9"", ""RefId"": ""MD-2_M-2"", ""RepeatIndex"": ""2238x9 2239x1""}"
P-07BC-0_DI-99,51,MD-2_M-4_MI-1,MD-2_M-4,,2222x1 2223x1,"{""Id"": ""MD-2_M-4_MI-1"", ""RefId"": ""MD-2_M-4"", ""RepeatIndex"": ""2222x1 2223x1""}"
P-07BC-0_DI-99,51,MD-2_M-4_MI-10,MD-2_M-4,,2222x10 2223x1,"{""Id"": ""MD-2_M-4_MI-10"", ""RefId"": ""MD-2_M-4"", ""RepeatIndex"": ""2222x10 2223x1""}"
P-07BC-0_DI-99,51,MD-2_M-4_MI-11,MD-2_M-4,,2222x11 2223x1,"{""Id"": ""MD-2_M-4_MI-11"", ""RefId"": ""MD-2_M-4"", ""RepeatIndex"": ""2222x11 2223x1""}"
P-07BC-0_DI-99,51,MD-2_M-4_MI-12,MD-2_M-4,,2222x12 2223x1,"{""Id"": ""MD-2_M-4_MI-12"", ""RefId"": ""MD-2_M-4"", ""RepeatIndex"": ""2222x12 2223x1""}"
P-07BC-0_DI-99,51,MD-2_M-4_MI-13,MD-2_M-4,,2222x13 2223x1,"{""Id"": ""MD-2_M-4_MI-13"", ""RefId"": ""MD-2_M-4"", ""RepeatIndex"": ""2222x13 2223x1""}"
P-07BC-0_DI-99,51,MD-2_M-4_MI-14,MD-2_M-4,,2222x14 2223x1,"{""Id"": ""MD-2_M-4_MI-14"", ""RefId"": ""MD-2_M-4"", ""RepeatIndex"": ""2222x14 2223x1""}"
P-07BC-0_DI-99,51,MD-2_M-4_MI-15,MD-2_M-4,,2222x15 2223x1,"{""Id"": ""MD-2_M-4_MI-15"", ""RefId"": ""MD-2_M-4"", ""RepeatIndex"": ""2222x15 2223x1""}"
P-07BC-0_DI-99,51,MD-2_M-4_MI-2,MD-2_M-4,,2222x2 2223x1,"{""Id"": ""MD-2_M-4_MI-2"", ""RefId"": ""MD-2_M-4"", ""RepeatIndex"": ""2222x2 2223x1""}"
P-07BC-0_DI-99,51,MD-2_M-4_MI-3,MD-2_M-4,,2222x3 2223x1,"{""Id"": ""MD-2_M-4_MI-3"", ""RefId"": ""MD-2_M-4"", ""RepeatIndex"": ""2222x3 2223x1""}"
P-07BC-0_DI-99,51,MD-2_M-4_MI-4,MD-2_M-4,,2222x4 2223x1,"{""Id"": ""MD-2_M-4_MI-4"", ""RefId"": ""MD-2_M-4"", ""RepeatIndex"": ""2222x4 2223x1""}"
P-07BC-0_DI-99,51,MD-2_M-4_MI-5,MD-2_M-4,,2222x5 2223x1,"{""Id"": ""MD-2_M-4_MI-5"", ""RefId"": ""MD-2_M-4"", ""RepeatIndex"": ""2222x5 2223x1""}"
P-07BC-0_DI-99,51,MD-2_M-4_MI-6,MD-2_M-4,,2222x6 2223x1,"{""Id"": ""MD-2_M-4_MI-6"", ""RefId"": ""MD-2_M-4"", ""RepeatIndex"": ""2222x6 2223x1""}"
P-07BC-0_DI-99,51,MD-2_M-4_MI-7,MD-2_M-4,,2222x7 2223x1,"{""Id"": ""MD-2_M-4_MI-7"", ""RefId"": ""MD-2_M-4"", ""RepeatIndex"": ""2222x7 2223x1""}"
P-07BC-0_DI-99,51,MD-2_M-4_MI-8,MD-2_M-4,,2222x8 2223x1,"{""Id"": ""MD-2_M-4_MI-8"", ""RefId"": ""MD-2_M-4"", ""RepeatIndex"": ""2222x8 2223x1""}"
P-07BC-0_DI-99,51,MD-2_M-4_MI-9,MD-2_M-4,,2222x9 2223x1,"{""Id"": ""MD-2_M-4_MI-9"", ""RefId"": ""MD-2_M-4"", ""RepeatIndex"": ""2222x9 2223x1""}"
P-07BC-0_DI-99,51,MD-2_M-5_MI-1,MD-2_M-5,,2230x1 2231x1,"{""Id"": ""MD-2_M-5_MI-1"", ""RefId"": ""MD-2_M-5"", ""RepeatIndex"": ""2230x1 2231x1""}"
P-07BC-0_DI-99,51,MD-2_M-5_MI-10,MD-2_M-5,,2230x10 2231x1,"{""Id"": ""MD-2_M-5_MI-10"", ""RefId"": ""MD-2_M-5"", ""RepeatIndex"": ""2230x10 2231x1""}"
P-07BC-0_DI-99,51,MD-2_M-5_MI-11,MD-2_M-5,,2230x11 2231x1,"{""Id"": ""MD-2_M-5_MI-11"", ""RefId"": ""MD-2_M-5"", ""RepeatIndex"": ""2230x11 2231x1""}"
P-07BC-0_DI-99,51,MD-2_M-5_MI-12,MD-2_M-5,,2230x12 2231x1,"{""Id"": ""MD-2_M-5_MI-12"", ""RefId"": ""MD-2_M-5"", ""RepeatIndex"": ""2230x12 2231x1""}"
P-07BC-0_DI-99,51,MD-2_M-5_MI-13,MD-2_M-5,,2230x13 2231x1,"{""Id"": ""MD-2_M-5_MI-13"", ""RefId"": ""MD-2_M-5"", ""RepeatIndex"": ""2230x13 2231x1""}"
P-07BC-0_DI-99,51,MD-2_M-5_MI-14,MD-2_M-5,,2230x14 2231x1,"{""Id"": ""MD-2_M-5_MI-14"", ""RefId"": ""MD-2_M-5"", ""RepeatIndex"": ""2230x14 2231x1""}"
P-07BC-0_DI-99,51,MD-2_M-5_MI-15,MD-2_M-5,,2230x15 2231x1,"{""Id"": ""MD-2_M-5_MI-15"", ""RefId"": ""MD-2_M-5"", ""RepeatIndex"": ""2230x15 2231x1""}"
P-07BC-0_DI-99,51,MD-2_M-5_MI-2,MD-2_M-5,,2230x2 2231x1,"{""Id"": ""MD-2_M-5_MI-2"", ""RefId"": ""MD-2_M-5"", ""RepeatIndex"": ""2230x2 2231x1""}"
P-07BC-0_DI-99,51,MD-2_M-5_MI-3,MD-2_M-5,,2230x3 2231x1,"{""Id"": ""MD-2_M-5_MI-3"", ""RefId"": ""MD-2_M-5"", ""RepeatIndex"": ""2230x3 2231x1""}"
P-07BC-0_DI-99,51,MD-2_M-5_MI-4,MD-2_M-5,,2230x4 2231x1,"{""Id"": ""MD-2_M-5_MI-4"", ""RefId"": ""MD-2_M-5"", ""RepeatIndex"": ""2230x4 2231x1""}"
P-07BC-0_DI-99,51,MD-2_M-5_MI-5,MD-2_M-5,,2230x5 2231x1,"{""Id"": ""MD-2_M-5_MI-5"", ""RefId"": ""MD-2_M-5"", ""RepeatIndex"": ""2230x5 2231x1""}"
P-07BC-0_DI-99,51,MD-2_M-5_MI-6,MD-2_M-5,,2230x6 2231x1,"{""Id"": ""MD-2_M-5_MI-6"", ""RefId"": ""MD-2_M-5"", ""RepeatIndex"": ""2230x6 2231x1""}"
P-07BC-0_DI-99,51,MD-2_M-5_MI-7,MD-2_M-5,,2230x7 2231x1,"{""Id"": ""MD-2_M-5_MI-7"", ""RefId"": ""MD-2_M-5"", ""RepeatIndex"": ""2230x7 2231x1""}"
P-07BC-0_DI-99,51,MD-2_M-5_MI-8,MD-2_M-5,,2230x8 2231x1,"{""Id"": ""MD-2_M-5_MI-8"", ""RefId"": ""MD-2_M-5"", ""RepeatIndex"": ""2230x8 2231x1""}"
P-07BC-0_DI-99,51,MD-2_M-5_MI-9,MD-2_M-5,,2230x9 2231x1,"{""Id"": ""MD-2_M-5_MI-9"", ""RefId"": ""MD-2_M-5"", ""RepeatIndex"": ""2230x9 2231x1""}"
P-07BC-0_DI-99,51,MD-2_M-6_MI-1,MD-2_M-6,,2246x1 2247x1,"{""Id"": ""MD-2_M-6_MI-1"", ""RefId"": ""MD-2_M-6"", ""RepeatIndex"": ""2246x1 2247x1""}"
P-07BC-0_DI-99,51,MD-2_M-6_MI-10,MD-2_M-6,,2246x10 2247x1,"{""Id"": ""MD-2_M-6_MI-10"", ""RefId"": ""MD-2_M-6"", ""RepeatIndex"": ""2246x10 2247x1""}"
P-07BC-0_DI-99,51,MD-2_M-6_MI-11,MD-2_M-6,,2246x11 2247x1,"{""Id"": ""MD-2_M-6_MI-11"", ""RefId"": ""MD-2_M-6"", ""RepeatIndex"": ""2246x11 2247x1""}"
P-07BC-0_DI-99,51,MD-2_M-6_MI-12,MD-2_M-6,,2246x12 2247x1,"{""Id"": ""MD-2_M-6_MI-12"", ""RefId"": ""MD-2_M-6"", ""RepeatIndex"": ""2246x12 2247x1""}"
P-07BC-0_DI-99,51,MD-2_M-6_MI-13,MD-2_M-6,,2246x13 2247x1,"{""Id"": ""MD-2_M-6_MI-13"", ""RefId"": ""MD-2_M-6"", ""RepeatIndex"": ""2246x13 2247x1""}"
P-07BC-0_DI-99,51,MD-2_M-6_MI-14,MD-2_M-6,,2246x14 2247x1,"{""Id"": ""MD-2_M-6_MI-14"", ""RefId"": ""MD-2_M-6"", ""RepeatIndex"": ""2246x14 2247x1""}"
P-07BC-0_DI-99,51,MD-2_M-6_MI-15,MD-2_M-6,,2246x15 2247x1,"{""Id"": ""MD-2_M-6_MI-15"", ""RefId"": ""MD-2_M-6"", ""RepeatIndex"": ""2246x15 2247x1""}"
P-07BC-0_DI-99,51,MD-2_M-6_MI-2,MD-2_M-6,,2246x2 2247x1,"{""Id"": ""MD-2_M-6_MI-2"", ""RefId"": ""MD-2_M-6"", ""RepeatIndex"": ""2246x2 2247x1""}"
P-07BC-0_DI-99,51,MD-2_M-6_MI-3,MD-2_M-6,,2246x3 2247x1,"{""Id"": ""MD-2_M-6_MI-3"", ""RefId"": ""MD-2_M-6"", ""RepeatIndex"": ""2246x3 2247x1""}"
P-07BC-0_DI-99,51,MD-2_M-6_MI-4,MD-2_M-6,,2246x4 2247x1,"{""Id"": ""MD-2_M-6_MI-4"", ""RefId"": ""MD-2_M-6"", ""RepeatIndex"": ""2246x4 2247x1""}"
P-07BC-0_DI-99,51,MD-2_M-6_MI-5,MD-2_M-6,,2246x5 2247x1,"{""Id"": ""MD-2_M-6_MI-5"", ""RefId"": ""MD-2_M-6"", ""RepeatIndex"": ""2246x5 2247x1""}"
P-07BC-0_DI-99,51,MD-2_M-6_MI-6,MD-2_M-6,,2246x6 2247x1,"{""Id"": ""MD-2_M-6_MI-6"", ""RefId"": ""MD-2_M-6"", ""RepeatIndex"": ""2246x6 2247x1""}"
P-07BC-0_DI-99,51,MD-2_M-6_MI-7,MD-2_M-6,,2246x7 2247x1,"{""Id"": ""MD-2_M-6_MI-7"", ""RefId"": ""MD-2_M-6"", ""RepeatIndex"": ""2246x7 2247x1""}"
P-07BC-0_DI-99,51,MD-2_M-6_MI-8,MD-2_M-6,,2246x8 2247x1,"{""Id"": ""MD-2_M-6_MI-8"", ""RefId"": ""MD-2_M-6"", ""RepeatIndex"": ""2246x8 2247x1""}"
P-07BC-0_DI-99,51,MD-2_M-6_MI-9,MD-2_M-6,,2246x9 2247x1,"{""Id"": ""MD-2_M-6_MI-9"", ""RefId"": ""MD-2_M-6"", ""RepeatIndex"": ""2246x9 2247x1""}"
P-07BC-0_DI-99,51,MD-2_M-7_MI-1,MD-2_M-7,,2310x1 2311x1,"{""Id"": ""MD-2_M-7_MI-1"", ""RefId"": ""MD-2_M-7"", ""RepeatIndex"": ""2310x1 2311x1""}"
P-07BC-0_DI-99,51,MD-2_M-7_MI-10,MD-2_M-7,,2310x10 2311x1,"{""Id"": ""MD-2_M-7_MI-10"", ""RefId"": ""MD-2_M-7"", ""RepeatIndex"": ""2310x10 2311x1""}"
P-07BC-0_DI-99,51,MD-2_M-7_MI-11,MD-2_M-7,,2310x11 2311x1,"{""Id"": ""MD-2_M-7_MI-11"", ""RefId"": ""MD-2_M-7"", ""RepeatIndex"": ""2310x11 2311x1""}"
P-07BC-0_DI-99,51,MD-2_M-7_MI-12,MD-2_M-7,,2310x12 2311x1,"{""Id"": ""MD-2_M-7_MI-12"", ""RefId"": ""MD-2_M-7"", ""RepeatIndex"": ""2310x12 2311x1""}"
P-07BC-0_DI-99,51,MD-2_M-7_MI-13,MD-2_M-7,,2310x13 2311x1,"{""Id"": ""MD-2_M-7_MI-13"", ""RefId"": ""MD-2_M-7"", ""RepeatIndex"": ""2310x13 2311x1""}"
P-07BC-0_DI-99,51,MD-2_M-7_MI-14,MD-2_M-7,,2310x14 2311x1,"{""Id"": ""MD-2_M-7_MI-14"", ""RefId"": ""MD-2_M-7"", ""RepeatIndex"": ""2310x14 2311x1""}"
P-07BC-0_DI-99,51,MD-2_M-7_MI-15,MD-2_M-7,,2310x15 2311x1,"{""Id"": ""MD-2_M-7_MI-15"", ""RefId"": ""MD-2_M-7"", ""RepeatIndex"": ""2310x15 2311x1""}"
P-07BC-0_DI-99,51,MD-2_M-7_MI-2,MD-2_M-7,,2310x2 2311x1,"{""Id"": ""MD-2_M-7_MI-2"", ""RefId"": ""MD-2_M-7"", ""RepeatIndex"": ""2310x2 2311x1""}"
P-07BC-0_DI-99,51,MD-2_M-7_MI-3,MD-2_M-7,,2310x3 2311x1,"{""Id"": ""MD-2_M-7_MI-3"", ""RefId"": ""MD-2_M-7"", ""RepeatIndex"": ""2310x3 2311x1""}"
P-07BC-0_DI-99,51,MD-2_M-7_MI-4,MD-2_M-7,,2310x4 2311x1,"{""Id"": ""MD-2_M-7_MI-4"", ""RefId"": ""MD-2_M-7"", ""RepeatIndex"": ""2310x4 2311x1""}"
P-07BC-0_DI-99,51,MD-2_M-7_MI-5,MD-2_M-7,,2310x5 2311x1,"{""Id"": ""MD-2_M-7_MI-5"", ""RefId"": ""MD-2_M-7"", ""RepeatIndex"": ""2310x5 2311x1""}"
P-07BC-0_DI-99,51,MD-2_M-7_MI-6,MD-2_M-7,,2310x6 2311x1,"{""Id"": ""MD-2_M-7_MI-6"", ""RefId"": ""MD-2_M-7"", ""RepeatIndex"": ""2310x6 2311x1""}"
P-07BC-0_DI-99,51,MD-2_M-7_MI-7,MD-2_M-7,,2310x7 2311x1,"{""Id"": ""MD-2_M-7_MI-7"", ""RefId"": ""MD-2_M-7"", ""RepeatIndex"": ""2310x7 2311x1""}"
P-07BC-0_DI-99,51,MD-2_M-7_MI-8,MD-2_M-7,,2310x8 2311x1,"{""Id"": ""MD-2_M-7_MI-8"", ""RefId"": ""MD-2_M-7"", ""RepeatIndex"": ""2310x8 2311x1""}"
P-07BC-0_DI-99,51,MD-2_M-7_MI-9,MD-2_M-7,,2310x9 2311x1,"{""Id"": ""MD-2_M-7_MI-9"", ""RefId"": ""MD-2_M-7"", ""RepeatIndex"": ""2310x9 2311x1""}"
P-07BC-0_DI-99,51,MD-2_M-8_MI-1,MD-2_M-8,,2302x1 2303x1,"{""Id"": ""MD-2_M-8_MI-1"", ""RefId"": ""MD-2_M-8"", ""RepeatIndex"": ""2302x1 2303x1""}"
P-07BC-0_DI-99,51,MD-2_M-8_MI-10,MD-2_M-8,,2302x10 2303x1,"{""Id"": ""MD-2_M-8_MI-10"", ""RefId"": ""MD-2_M-8"", ""RepeatIndex"": ""2302x10 2303x1""}"
P-07BC-0_DI-99,51,MD-2_M-8_MI-11,MD-2_M-8,,2302x11 2303x1,"{""Id"": ""MD-2_M-8_MI-11"", ""RefId"": ""MD-2_M-8"", ""RepeatIndex"": ""2302x11 2303x1""}"
P-07BC-0_DI-99,51,MD-2_M-8_MI-12,MD-2_M-8,,2302x12 2303x1,"{""Id"": ""MD-2_M-8_MI-12"", ""RefId"": ""MD-2_M-8"", ""RepeatIndex"": ""2302x12 2303x1""}"
P-07BC-0_DI-99,51,MD-2_M-8_MI-13,MD-2_M-8,,2302x13 2303x1,"{""Id"": ""MD-2_M-8_MI-13"", ""RefId"": ""MD-2_M-8"", ""RepeatIndex"": ""2302x13 2303x1""}"
P-07BC-0_DI-99,51,MD-2_M-8_MI-14,MD-2_M-8,,2302x14 2303x1,"{""Id"": ""MD-2_M-8_MI-14"", ""RefId"": ""MD-2_M-8"", ""RepeatIndex"": ""2302x14 2303x1""}"
P-07BC-0_DI-99,51,MD-2_M-8_MI-15,MD-2_M-8,,2302x15 2303x1,"{""Id"": ""MD-2_M-8_MI-15"", ""RefId"": ""MD-2_M-8"", ""RepeatIndex"": ""2302x15 2303x1""}"
P-07BC-0_DI-99,51,MD-2_M-8_MI-2,MD-2_M-8,,2302x2 2303x1,"{""Id"": ""MD-2_M-8_MI-2"", ""RefId"": ""MD-2_M-8"", ""RepeatIndex"": ""2302x2 2303x1""}"
P-07BC-0_DI-99,51,MD-2_M-8_MI-3,MD-2_M-8,,2302x3 2303x1,"{""Id"": ""MD-2_M-8_MI-3"", ""RefId"": ""MD-2_M-8"", ""RepeatIndex"": ""2302x3 2303x1""}"
P-07BC-0_DI-99,51,MD-2_M-8_MI-4,MD-2_M-8,,2302x4 2303x1,"{""Id"": ""MD-2_M-8_MI-4"", ""RefId"": ""MD-2_M-8"", ""RepeatIndex"": ""2302x4 2303x1""}"
P-07BC-0_DI-99,51,MD-2_M-8_MI-5,MD-2_M-8,,2302x5 2303x1,"{""Id"": ""MD-2_M-8_MI-5"", ""RefId"": ""MD-2_M-8"", ""RepeatIndex"": ""2302x5 2303x1""}"
P-07BC-0_DI-99,51,MD-2_M-8_MI-6,MD-2_M-8,,2302x6 2303x1,"{""Id"": ""MD-2_M-8_MI-6"", ""RefId"": ""MD-2_M-8"", ""RepeatIndex"": ""2302x6 2303x1""}"
P-07BC-0_DI-99,51,MD-2_M-8_MI-7,MD-2_M-8,,2302x7 2303x1,"{""Id"": ""MD-2_M-8_MI-7"", ""RefId"": ""MD-2_M-8"", ""RepeatIndex"": ""2302x7 2303x1""}"
P-07BC-0_DI-99,51,MD-2_M-8_MI-8,MD-2_M-8,,2302x8 2303x1,"{""Id"": ""MD-2_M-8_MI-8"", ""RefId"": ""MD-2_M-8"", ""RepeatIndex"": ""2302x8 2303x1""}"
P-07BC-0_DI-99,51,MD-2_M-8_MI-9,MD-2_M-8,,2302x9 2303x1,"{""Id"": ""MD-2_M-8_MI-9"", ""RefId"": ""MD-2_M-8"", ""RepeatIndex"": ""2302x9 2303x1""}"
P-07BC-0_DI-99,51,MD-2_M-9_MI-1,MD-2_M-9,,2294x1 2295x1,"{""Id"": ""MD-2_M-9_MI-1"", ""RefId"": ""MD-2_M-9"", ""RepeatIndex"": ""2294x1 2295x1""}"
P-07BC-0_DI-99,51,MD-2_M-9_MI-10,MD-2_M-9,,2294x10 2295x1,"{""Id"": ""MD-2_M-9_MI-10"", ""RefId"": ""MD-2_M-9"", ""RepeatIndex"": ""2294x10 2295x1""}"
P-07BC-0_DI-99,51,MD-2_M-9_MI-11,MD-2_M-9,,2294x11 2295x1,"{""Id"": ""MD-2_M-9_MI-11"", ""RefId"": ""MD-2_M-9"", ""RepeatIndex"": ""2294x11 2295x1""}"
P-07BC-0_DI-99,51,MD-2_M-9_MI-12,MD-2_M-9,,2294x12 2295x1,"{""Id"": ""MD-2_M-9_MI-12"", ""RefId"": ""MD-2_M-9"", ""RepeatIndex"": ""2294x12 2295x1""}"
P-07BC-0_DI-99,51,MD-2_M-9_MI-13,MD-2_M-9,,2294x13 2295x1,"{""Id"": ""MD-2_M-9_MI-13"", ""RefId"": ""MD-2_M-9"", ""RepeatIndex"": ""2294x13 2295x1""}"
P-07BC-0_DI-99,51,MD-2_M-9_MI-14,MD-2_M-9,,2294x14 2295x1,"{""Id"": ""MD-2_M-9_MI-14"", ""RefId"": ""MD-2_M-9"", ""RepeatIndex"": ""2294x14 2295x1""}"
P-07BC-0_DI-99,51,MD-2_M-9_MI-15,MD-2_M-9,,2294x15 2295x1,"{""Id"": ""MD-2_M-9_MI-15"", ""RefId"": ""MD-2_M-9"", ""RepeatIndex"": ""2294x15 2295x1""}"
P-07BC-0_DI-99,51,MD-2_M-9_MI-2,MD-2_M-9,,2294x2 2295x1,"{""Id"": ""MD-2_M-9_MI-2"", ""RefId"": ""MD-2_M-9"", ""RepeatIndex"": ""2294x2 2295x1""}"
P-07BC-0_DI-99,51,MD-2_M-9_MI-3,MD-2_M-9,,2294x3 2295x1,"{""Id"": ""MD-2_M-9_MI-3"", ""RefId"": ""MD-2_M-9"", ""RepeatIndex"": ""2294x3 2295x1""}"
P-07BC-0_DI-99,51,MD-2_M-9_MI-4,MD-2_M-9,,2294x4 2295x1,"{""Id"": ""MD-2_M-9_MI-4"", ""RefId"": ""MD-2_M-9"", ""RepeatIndex"": ""2294x4 2295x1""}"
P-07BC-0_DI-99,51,MD-2_M-9_MI-5,MD-2_M-9,,2294x5 2295x1,"{""Id"": ""MD-2_M-9_MI-5"", ""RefId"": ""MD-2_M-9"", ""RepeatIndex"": ""2294x5 2295x1""}"
P-07BC-0_DI-99,51,MD-2_M-9_MI-6,MD-2_M-9,,2294x6 2295x1,"{""Id"": ""MD-2_M-9_MI-6"", ""RefId"": ""MD-2_M-9"", ""RepeatIndex"": ""2294x6 2295x1""}"
P-07BC-0_DI-99,51,MD-2_M-9_MI-7,MD-2_M-9,,2294x7 2295x1,"{""Id"": ""MD-2_M-9_MI-7"", ""RefId"": ""MD-2_M-9"", ""RepeatIndex"": ""2294x7 2295x1""}"
P-07BC-0_DI-99,51,MD-2_M-9_MI-8,MD-2_M-9,,2294x8 2295x1,"{""Id"": ""MD-2_M-9_MI-8"", ""RefId"": ""MD-2_M-9"", ""RepeatIndex"": ""2294x8 2295x1""}"
P-07BC-0_DI-99,51,MD-2_M-9_MI-9,MD-2_M-9,,2294x9 2295x1,"{""Id"": ""MD-2_M-9_MI-9"", ""RefId"": ""MD-2_M-9"", ""RepeatIndex"": ""2294x9 2295x1""}"
P-07BC-0_DI-99,51,MD-2_M-10_MI-1,MD-2_M-10,,2286x1 2287x1,"{""Id"": ""MD-2_M-10_MI-1"", ""RefId"": ""MD-2_M-10"", ""RepeatIndex"": ""2286x1 2287x1""}"
P-07BC-0_DI-99,51,MD-2_M-10_MI-10,MD-2_M-10,,2286x10 2287x1,"{""Id"": ""MD-2_M-10_MI-10"", ""RefId"": ""MD-2_M-10"", ""RepeatIndex"": ""2286x10 2287x1""}"
P-07BC-0_DI-99,51,MD-2_M-10_MI-11,MD-2_M-10,,2286x11 2287x1,"{""Id"": ""MD-2_M-10_MI-11"", ""RefId"": ""MD-2_M-10"", ""RepeatIndex"": ""2286x11 2287x1""}"
P-07BC-0_DI-99,51,MD-2_M-10_MI-12,MD-2_M-10,,2286x12 2287x1,"{""Id"": ""MD-2_M-10_MI-12"", ""RefId"": ""MD-2_M-10"", ""RepeatIndex"": ""2286x12 2287x1""}"
P-07BC-0_DI-99,51,MD-2_M-10_MI-13,MD-2_M-10,,2286x13 2287x1,"{""Id"": ""MD-2_M-10_MI-13"", ""RefId"": ""MD-2_M-10"", ""RepeatIndex"": ""2286x13 2287x1""}"
P-07BC-0_DI-99,51,MD-2_M-10_MI-14,MD-2_M-10,,2286x14 2287x1,"{""Id"": ""MD-2_M-10_MI-14"", ""RefId"": ""MD-2_M-10"", ""RepeatIndex"": ""2286x14 2287x1""}"
P-07BC-0_DI-99,51,MD-2_M-10_MI-15,MD-2_M-10,,2286x15 2287x1,"{""Id"": ""MD-2_M-10_MI-15"", ""RefId"": ""MD-2_M-10"", ""RepeatIndex"": ""2286x15 2287x1""}"
P-07BC-0_DI-99,51,MD-2_M-10_MI-2,MD-2_M-10,,2286x2 2287x1,"{""Id"": ""MD-2_M-10_MI-2"", ""RefId"": ""MD-2_M-10"", ""RepeatIndex"": ""2286x2 2287x1""}"
P-07BC-0_DI-99,51,MD-2_M-10_MI-3,MD-2_M-10,,2286x3 2287x1,"{""Id"": ""MD-2_M-10_MI-3"", ""RefId"": ""MD-2_M-10"", ""RepeatIndex"": ""2286x3 2287x1""}"
P-07BC-0_DI-99,51,MD-2_M-10_MI-4,MD-2_M-10,,2286x4 2287x1,"{""Id"": ""MD-2_M-10_MI-4"", ""RefId"": ""MD-2_M-10"", ""RepeatIndex"": ""2286x4 2287x1""}"
P-07BC-0_DI-99,51,MD-2_M-10_MI-5,MD-2_M-10,,2286x5 2287x1,"{""Id"": ""MD-2_M-10_MI-5"", ""RefId"": ""MD-2_M-10"", ""RepeatIndex"": ""2286x5 2287x1""}"
P-07BC-0_DI-99,51,MD-2_M-10_MI-6,MD-2_M-10,,2286x6 2287x1,"{""Id"": ""MD-2_M-10_MI-6"", ""RefId"": ""MD-2_M-10"", ""RepeatIndex"": ""2286x6 2287x1""}"
P-07BC-0_DI-99,51,MD-2_M-10_MI-7,MD-2_M-10,,2286x7 2287x1,"{""Id"": ""MD-2_M-10_MI-7"", ""RefId"": ""MD-2_M-10"", ""RepeatIndex"": ""2286x7 2287x1""}"
P-07BC-0_DI-99,51,MD-2_M-10_MI-8,MD-2_M-10,,2286x8 2287x1,"{""Id"": ""MD-2_M-10_MI-8"", ""RefId"": ""MD-2_M-10"", ""RepeatIndex"": ""2286x8 2287x1""}"
P-07BC-0_DI-99,51,MD-2_M-10_MI-9,MD-2_M-10,,2286x9 2287x1,"{""Id"": ""MD-2_M-10_MI-9"", ""RefId"": ""MD-2_M-10"", ""RepeatIndex"": ""2286x9 2287x1""}"
P-07BC-0_DI-99,51,MD-2_M-11_MI-1,MD-2_M-11,,2278x1 2279x1,"{""Id"": ""MD-2_M-11_MI-1"", ""RefId"": ""MD-2_M-11"", ""RepeatIndex"": ""2278x1 2279x1""}"
P-07BC-0_DI-99,51,MD-2_M-11_MI-10,MD-2_M-11,,2278x10 2279x1,"{""Id"": ""MD-2_M-11_MI-10"", ""RefId"": ""MD-2_M-11"", ""RepeatIndex"": ""2278x10 2279x1""}"
P-07BC-0_DI-99,51,MD-2_M-11_MI-11,MD-2_M-11,,2278x11 2279x1,"{""Id"": ""MD-2_M-11_MI-11"", ""RefId"": ""MD-2_M-11"", ""RepeatIndex"": ""2278x11 2279x1""}"
P-07BC-0_DI-99,51,MD-2_M-11_MI-12,MD-2_M-11,,2278x12 2279x1,"{""Id"": ""MD-2_M-11_MI-12"", ""RefId"": ""MD-2_M-11"", ""RepeatIndex"": ""2278x12 2279x1""}"
P-07BC-0_DI-99,51,MD-2_M-11_MI-13,MD-2_M-11,,2278x13 2279x1,"{""Id"": ""MD-2_M-11_MI-13"", ""RefId"": ""MD-2_M-11"", ""RepeatIndex"": ""2278x13 2279x1""}"
P-07BC-0_DI-99,51,MD-2_M-11_MI-14,MD-2_M-11,,2278x14 2279x1,"{""Id"": ""MD-2_M-11_MI-14"", ""RefId"": ""MD-2_M-11"", ""RepeatIndex"": ""2278x14 2279x1""}"
P-07BC-0_DI-99,51,MD-2_M-11_MI-15,MD-2_M-11,,2278x15 2279x1,"{""Id"": ""MD-2_M-11_MI-15"", ""RefId"": ""MD-2_M-11"", ""RepeatIndex"": ""2278x15 2279x1""}"
P-07BC-0_DI-99,51,MD-2_M-11_MI-2,MD-2_M-11,,2278x2 2279x1,"{""Id"": ""MD-2_M-11_MI-2"", ""RefId"": ""MD-2_M-11"", ""RepeatIndex"": ""2278x2 2279x1""}"
P-07BC-0_DI-99,51,MD-2_M-11_MI-3,MD-2_M-11,,2278x3 2279x1,"{""Id"": ""MD-2_M-11_MI-3"", ""RefId"": ""MD-2_M-11"", ""RepeatIndex"": ""2278x3 2279x1""}"
P-07BC-0_DI-99,51,MD-2_M-11_MI-4,MD-2_M-11,,2278x4 2279x1,"{""Id"": ""MD-2_M-11_MI-4"", ""RefId"": ""MD-2_M-11"", ""RepeatIndex"": ""2278x4 2279x1""}"
P-07BC-0_DI-99,51,MD-2_M-11_MI-5,MD-2_M-11,,2278x5 2279x1,"{""Id"": ""MD-2_M-11_MI-5"", ""RefId"": ""MD-2_M-11"", ""RepeatIndex"": ""2278x5 2279x1""}"
P-07BC-0_DI-99,51,MD-2_M-11_MI-6,MD-2_M-11,,2278x6 2279x1,"{""Id"": ""MD-2_M-11_MI-6"", ""RefId"": ""MD-2_M-11"", ""RepeatIndex"": ""2278x6 2279x1""}"
P-07BC-0_DI-99,51,MD-2_M-11_MI-7,MD-2_M-11,,2278x7 2279x1,"{""Id"": ""MD-2_M-11_MI-7"", ""RefId"": ""MD-2_M-11"", ""RepeatIndex"": ""2278x7 2279x1""}"
P-07BC-0_DI-99,51,MD-2_M-11_MI-8,MD-2_M-11,,2278x8 2279x1,"{""Id"": ""MD-2_M-11_MI-8"", ""RefId"": ""MD-2_M-11"", ""RepeatIndex"": ""2278x8 2279x1""}"
P-07BC-0_DI-99,51,MD-2_M-11_MI-9,MD-2_M-11,,2278x9 2279x1,"{""Id"": ""MD-2_M-11_MI-9"", ""RefId"": ""MD-2_M-11"", ""RepeatIndex"": ""2278x9 2279x1""}"
P-07BC-0_DI-99,51,MD-2_M-12_MI-1,MD-2_M-12,,2270x1 2271x1,"{""Id"": ""MD-2_M-12_MI-1"", ""RefId"": ""MD-2_M-12"", ""RepeatIndex"": ""2270x1 2271x1""}"
P-07BC-0_DI-99,51,MD-2_M-12_MI-10,MD-2_M-12,,2270x10 2271x1,"{""Id"": ""MD-2_M-12_MI-10"", ""RefId"": ""MD-2_M-12"", ""RepeatIndex"": ""2270x10 2271x1""}"
P-07BC-0_DI-99,51,MD-2_M-12_MI-11,MD-2_M-12,,2270x11 2271x1,"{""Id"": ""MD-2_M-12_MI-11"", ""RefId"": ""MD-2_M-12"", ""RepeatIndex"": ""2270x11 2271x1""}"
P-07BC-0_DI-99,51,MD-2_M-12_MI-12,MD-2_M-12,,2270x12 2271x1,"{""Id"": ""MD-2_M-12_MI-12"", ""RefId"": ""MD-2_M-12"", ""RepeatIndex"": ""2270x12 2271x1""}"
P-07BC-0_DI-99,51,MD-2_M-12_MI-13,MD-2_M-12,,2270x13 2271x1,"{""Id"": ""MD-2_M-12_MI-13"", ""RefId"": ""MD-2_M-12"", ""RepeatIndex"": ""2270x13 2271x1""}"
P-07BC-0_DI-99,51,MD-2_M-12_MI-14,MD-2_M-12,,2270x14 2271x1,"{""Id"": ""MD-2_M-12_MI-14"", ""RefId"": ""MD-2_M-12"", ""RepeatIndex"": ""2270x14 2271x1""}"
P-07BC-0_DI-99,51,MD-2_M-12_MI-15,MD-2_M-12,,2270x15 2271x1,"{""Id"": ""MD-2_M-12_MI-15"", ""RefId"": ""MD-2_M-12"", ""RepeatIndex"": ""2270x15 2271x1""}"
P-07BC-0_DI-99,51,MD-2_M-12_MI-2,MD-2_M-12,,2270x2 2271x1,"{""Id"": ""MD-2_M-12_MI-2"", ""RefId"": ""MD-2_M-12"", ""RepeatIndex"": ""2270x2 2271x1""}"
P-07BC-0_DI-99,51,MD-2_M-12_MI-3,MD-2_M-12,,2270x3 2271x1,"{""Id"": ""MD-2_M-12_MI-3"", ""RefId"": ""MD-2_M-12"", ""RepeatIndex"": ""2270x3 2271x1""}"
P-07BC-0_DI-99,51,MD-2_M-12_MI-4,MD-2_M-12,,2270x4 2271x1,"{""Id"": ""MD-2_M-12_MI-4"", ""RefId"": ""MD-2_M-12"", ""RepeatIndex"": ""2270x4 2271x1""}"
P-07BC-0_DI-99,51,MD-2_M-12_MI-5,MD-2_M-12,,2270x5 2271x1,"{""Id"": ""MD-2_M-12_MI-5"", ""RefId"": ""MD-2_M-12"", ""RepeatIndex"": ""2270x5 2271x1""}"
P-07BC-0_DI-99,51,MD-2_M-12_MI-6,MD-2_M-12,,2270x6 2271x1,"{""Id"": ""MD-2_M-12_MI-6"", ""RefId"": ""MD-2_M-12"", ""RepeatIndex"": ""2270x6 2271x1""}"
P-07BC-0_DI-99,51,MD-2_M-12_MI-7,MD-2_M-12,,2270x7 2271x1,"{""Id"": ""MD-2_M-12_MI-7"", ""RefId"": ""MD-2_M-12"", ""RepeatIndex"": ""2270x7 2271x1""}"
P-07BC-0_DI-99,51,MD-2_M-12_MI-8,MD-2_M-12,,2270x8 2271x1,"{""Id"": ""MD-2_M-12_MI-8"", ""RefId"": ""MD-2_M-12"", ""RepeatIndex"": ""2270x8 2271x1""}"
P-07BC-0_DI-99,51,MD-2_M-12_MI-9,MD-2_M-12,,2270x9 2271x1,"{""Id"": ""MD-2_M-12_MI-9"", ""RefId"": ""MD-2_M-12"", ""RepeatIndex"": ""2270x9 2271x1""}"
P-07BC-0_DI-99,51,MD-2_M-13_MI-1,MD-2_M-13,,2262x1 2263x1,"{""Id"": ""MD-2_M-13_MI-1"", ""RefId"": ""MD-2_M-13"", ""RepeatIndex"": ""2262x1 2263x1""}"
P-07BC-0_DI-99,51,MD-2_M-13_MI-10,MD-2_M-13,,2262x10 2263x1,"{""Id"": ""MD-2_M-13_MI-10"", ""RefId"": ""MD-2_M-13"", ""RepeatIndex"": ""2262x10 2263x1""}"
P-07BC-0_DI-99,51,MD-2_M-13_MI-11,MD-2_M-13,,2262x11 2263x1,"{""Id"": ""MD-2_M-13_MI-11"", ""RefId"": ""MD-2_M-13"", ""RepeatIndex"": ""2262x11 2263x1""}"
P-07BC-0_DI-99,51,MD-2_M-13_MI-12,MD-2_M-13,,2262x12 2263x1,"{""Id"": ""MD-2_M-13_MI-12"", ""RefId"": ""MD-2_M-13"", ""RepeatIndex"": ""2262x12 2263x1""}"
P-07BC-0_DI-99,51,MD-2_M-13_MI-13,MD-2_M-13,,2262x13 2263x1,"{""Id"": ""MD-2_M-13_MI-13"", ""RefId"": ""MD-2_M-13"", ""RepeatIndex"": ""2262x13 2263x1""}"
P-07BC-0_DI-99,51,MD-2_M-13_MI-14,MD-2_M-13,,2262x14 2263x1,"{""Id"": ""MD-2_M-13_MI-14"", ""RefId"": ""MD-2_M-13"", ""RepeatIndex"": ""2262x14 2263x1""}"
P-07BC-0_DI-99,51,MD-2_M-13_MI-15,MD-2_M-13,,2262x15 2263x1,"{""Id"": ""MD-2_M-13_MI-15"", ""RefId"": ""MD-2_M-13"", ""RepeatIndex"": ""2262x15 2263x1""}"
P-07BC-0_DI-99,51,MD-2_M-13_MI-2,MD-2_M-13,,2262x2 2263x1,"{""Id"": ""MD-2_M-13_MI-2"", ""RefId"": ""MD-2_M-13"", ""RepeatIndex"": ""2262x2 2263x1""}"
P-07BC-0_DI-99,51,MD-2_M-13_MI-3,MD-2_M-13,,2262x3 2263x1,"{""Id"": ""MD-2_M-13_MI-3"", ""RefId"": ""MD-2_M-13"", ""RepeatIndex"": ""2262x3 2263x1""}"
P-07BC-0_DI-99,51,MD-2_M-13_MI-4,MD-2_M-13,,2262x4 2263x1,"{""Id"": ""MD-2_M-13_MI-4"", ""RefId"": ""MD-2_M-13"", ""RepeatIndex"": ""2262x4 2263x1""}"
P-07BC-0_DI-99,51,MD-2_M-13_MI-5,MD-2_M-13,,2262x5 2263x1,"{""Id"": ""MD-2_M-13_MI-5"", ""RefId"": ""MD-2_M-13"", ""RepeatIndex"": ""2262x5 2263x1""}"
P-07BC-0_DI-99,51,MD-2_M-13_MI-6,MD-2_M-13,,2262x6 2263x1,"{""Id"": ""MD-2_M-13_MI-6"", ""RefId"": ""MD-2_M-13"", ""RepeatIndex"": ""2262x6 2263x1""}"
P-07BC-0_DI-99,51,MD-2_M-13_MI-7,MD-2_M-13,,2262x7 2263x1,"{""Id"": ""MD-2_M-13_MI-7"", ""RefId"": ""MD-2_M-13"", ""RepeatIndex"": ""2262x7 2263x1""}"
P-07BC-0_DI-99,51,MD-2_M-13_MI-8,MD-2_M-13,,2262x8 2263x1,"{""Id"": ""MD-2_M-13_MI-8"", ""RefId"": ""MD-2_M-13"", ""RepeatIndex"": ""2262x8 2263x1""}"
P-07BC-0_DI-99,51,MD-2_M-13_MI-9,MD-2_M-13,,2262x9 2263x1,"{""Id"": ""MD-2_M-13_MI-9"", ""RefId"": ""MD-2_M-13"", ""RepeatIndex"": ""2262x9 2263x1""}"
P-07BC-0_DI-99,51,MD-2_M-14_MI-1,MD-2_M-14,,2254x1 2255x1,"{""Id"": ""MD-2_M-14_MI-1"", ""RefId"": ""MD-2_M-14"", ""RepeatIndex"": ""2254x1 2255x1""}"
P-07BC-0_DI-99,51,MD-2_M-14_MI-10,MD-2_M-14,,2254x10 2255x1,"{""Id"": ""MD-2_M-14_MI-10"", ""RefId"": ""MD-2_M-14"", ""RepeatIndex"": ""2254x10 2255x1""}"
P-07BC-0_DI-99,51,MD-2_M-14_MI-11,MD-2_M-14,,2254x11 2255x1,"{""Id"": ""MD-2_M-14_MI-11"", ""RefId"": ""MD-2_M-14"", ""RepeatIndex"": ""2254x11 2255x1""}"
P-07BC-0_DI-99,51,MD-2_M-14_MI-12,MD-2_M-14,,2254x12 2255x1,"{""Id"": ""MD-2_M-14_MI-12"", ""RefId"": ""MD-2_M-14"", ""RepeatIndex"": ""2254x12 2255x1""}"
P-07BC-0_DI-99,51,MD-2_M-14_MI-13,MD-2_M-14,,2254x13 2255x1,"{""Id"": ""MD-2_M-14_MI-13"", ""RefId"": ""MD-2_M-14"", ""RepeatIndex"": ""2254x13 2255x1""}"
P-07BC-0_DI-99,51,MD-2_M-14_MI-14,MD-2_M-14,,2254x14 2255x1,"{""Id"": ""MD-2_M-14_MI-14"", ""RefId"": ""MD-2_M-14"", ""RepeatIndex"": ""2254x14 2255x1""}"
P-07BC-0_DI-99,51,MD-2_M-14_MI-15,MD-2_M-14,,2254x15 2255x1,"{""Id"": ""MD-2_M-14_MI-15"", ""RefId"": ""MD-2_M-14"", ""RepeatIndex"": ""2254x15 2255x1""}"
P-07BC-0_DI-99,51,MD-2_M-14_MI-2,MD-2_M-14,,2254x2 2255x1,"{""Id"": ""MD-2_M-14_MI-2"", ""RefId"": ""MD-2_M-14"", ""RepeatIndex"": ""2254x2 2255x1""}"
P-07BC-0_DI-99,51,MD-2_M-14_MI-3,MD-2_M-14,,2254x3 2255x1,"{""Id"": ""MD-2_M-14_MI-3"", ""RefId"": ""MD-2_M-14"", ""RepeatIndex"": ""2254x3 2255x1""}"
P-07BC-0_DI-99,51,MD-2_M-14_MI-4,MD-2_M-14,,2254x4 2255x1,"{""Id"": ""MD-2_M-14_MI-4"", ""RefId"": ""MD-2_M-14"", ""RepeatIndex"": ""2254x4 2255x1""}"
P-07BC-0_DI-99,51,MD-2_M-14_MI-5,MD-2_M-14,,2254x5 2255x1,"{""Id"": ""MD-2_M-14_MI-5"", ""RefId"": ""MD-2_M-14"", ""RepeatIndex"": ""2254x5 2255x1""}"
P-07BC-0_DI-99,51,MD-2_M-14_MI-6,MD-2_M-14,,2254x6 2255x1,"{""Id"": ""MD-2_M-14_MI-6"", ""RefId"": ""MD-2_M-14"", ""RepeatIndex"": ""2254x6 2255x1""}"
P-07BC-0_DI-99,51,MD-2_M-14_MI-7,MD-2_M-14,,2254x7 2255x1,"{""Id"": ""MD-2_M-14_MI-7"", ""RefId"": ""MD-2_M-14"", ""RepeatIndex"": ""2254x7 2255x1""}"
P-07BC-0_DI-99,51,MD-2_M-14_MI-8,MD-2_M-14,,2254x8 2255x1,"{""Id"": ""MD-2_M-14_MI-8"", ""RefId"": ""MD-2_M-14"", ""RepeatIndex"": ""2254x8 2255x1""}"
P-07BC-0_DI-99,51,MD-2_M-14_MI-9,MD-2_M-14,,2254x9 2255x1,"{""Id"": ""MD-2_M-14_MI-9"", ""RefId"": ""MD-2_M-14"", ""RepeatIndex"": ""2254x9 2255x1""}"
